title,author,genre,publication_year,isbn,stock,lending_status
Synchronized value-added superstructure,斉藤 聡太郎,8,2017,978-0-350-75071-8,2,1
Pre-emptive encompassing core,Nicole Guerra,4,1981,978-0-267-21950-6,2,1
Public-key motivating data-warehouse,鈴木 涼平,2,2015,978-1-65474-172-3,2,1
Assimilated tertiary structure,藤田 千代,8,1997,978-0-642-43786-0,0,2
Synergistic multi-state definition,伊藤 直子,6,1989,978-0-14-444419-9,1,1
Managed neutral core,木村 智也,7,1983,978-0-8214-3826-8,1,1
Innovative local array,藤原 和也,7,1992,978-1-905718-51-1,2,1
Proactive background instruction set,Hannah Middleton,1,1986,978-0-349-01789-1,0,2
Cross-platform bottom-line portal,Joseph Davis,2,1986,978-0-233-33898-9,1,1
Future-proofed disintermediate algorithm,松田 明美,3,2022,978-0-309-78107-7,2,1
Realigned client-server collaboration,斎藤 幹,8,2004,978-0-500-99276-0,0,2
Fully-configurable national Graphical User Interface,伊藤 千代,5,1982,978-1-80165-152-3,2,1
Innovative non-volatile monitoring,池田 稔,1,2014,978-1-06-773252-3,1,1
Distributed human-resource Internet solution,Alan Davis,2,2019,978-0-18-675558-1,0,2
Team-oriented reciprocal complexity,佐藤 拓真,2,1984,978-1-4455-9575-7,1,1
Quality-focused transitional array,Douglas Wolfe,6,2003,978-0-11-156300-7,1,1
Expanded logistical solution,Taylor Johnson,1,1981,978-1-56352-060-0,1,1
Function-based client-server middleware,三浦 英樹,7,1993,978-1-03-687144-4,0,2
Quality-focused stable installation,森 あすか,6,1984,978-0-7773-8945-4,0,2
Up-sized 4thgeneration collaboration,Gloria Jones,8,1996,978-0-02-593966-0,2,1
Managed multi-tasking encryption,Michael Lynn,1,1993,978-1-7324894-3-1,2,1
Enhanced context-sensitive function,Daniel Harvey,6,1997,978-0-9581605-0-6,1,1
Visionary user-facing encoding,林 淳,1,1988,978-1-07-991318-7,2,1
Universal radical open architecture,Nathan Jordan,3,2022,978-1-78151-395-8,2,1
Robust even-keeled system engine,Joseph Kemp,8,2016,978-0-274-68810-4,1,1
Synchronized tertiary instruction set,森 治,8,1984,978-0-680-00105-4,1,1
Assimilated executive protocol,太田 康弘,6,1980,978-0-901022-98-1,1,1
Managed stable architecture,林 舞,3,2013,978-1-4445-8331-1,1,1
Horizontal discrete artificial intelligence,佐藤 直子,5,1988,978-1-74208-119-9,0,2
Distributed asynchronous challenge,遠藤 あすか,5,2017,978-1-08-241100-7,0,2
Synergistic logistical initiative,鈴木 涼平,6,1993,978-0-353-06539-0,0,2
Persevering hybrid throughput,山本 直子,1,1997,978-1-64440-702-8,1,1
Cloned asymmetric access,Shannon Smith,3,2002,978-1-4816-5536-1,0,2
Mandatory maximized installation,近藤 明美,2,2019,978-0-7624-6113-4,1,1
Triple-buffered empowering model,Andrew Holmes,3,1994,978-0-05-997754-6,1,1
Operative dedicated hardware,伊藤 里佳,8,1986,978-1-910713-22-8,0,2
Self-enabling real-time archive,Tracey Clark,5,2021,978-1-4903-7261-7,1,1
Ergonomic next generation model,三浦 くみ子,6,2015,978-0-514-85033-9,2,1
Public-key radical conglomeration,Michael Delgado,4,2020,978-1-116-45942-5,0,2
Synergistic exuding infrastructure,三浦 裕美子,5,1985,978-1-62584-425-5,1,1
Robust fresh-thinking synergy,吉田 修平,2,2012,978-0-10-602893-1,0,2
Decentralized radical monitoring,Steven Ashley,8,2001,978-1-82018-738-6,0,2
Persistent 6thgeneration extranet,斉藤 直子,2,1996,978-1-00-273510-7,1,1
Mandatory modular contingency,伊藤 晃,8,1984,978-0-688-96327-9,2,1
Multi-channeled eco-centric pricing structure,佐藤 花子,4,1996,978-0-368-20824-9,0,2
Seamless zero tolerance software,Jonathan Adams,3,2017,978-1-990678-58-5,0,2
Virtual foreground solution,Lance Bowman,3,1996,978-0-16-869750-2,0,2
Proactive neutral neural-net,Keith Allen,2,1991,978-0-05-811497-3,1,1
Synergistic solution-oriented success,Kirsten Smith,5,1989,978-0-470-04000-3,0,2
Profound systemic neural-net,松本 加奈,1,1981,978-0-13-018369-9,2,1
Innovative 5thgeneration pricing structure,Jonathan Martinez,6,1986,978-1-4028-7861-9,1,1
User-centric 6thgeneration paradigm,高橋 太郎,3,1999,978-1-348-95679-2,1,1
Face-to-face holistic pricing structure,遠藤 美加子,5,2010,978-0-564-93968-8,2,1
Multi-channeled uniform instruction set,山本 里佳,3,1995,978-1-282-88752-7,2,1
Centralized uniform encryption,高橋 智也,5,1998,978-0-571-16579-7,0,2
Reactive client-server utilization,Jack Horn,2,2012,978-1-68805-249-9,1,1
Down-sized asymmetric focus group,山下 充,5,1998,978-1-163-73848-1,2,1
Multi-tiered 24/7 algorithm,吉田 健一,4,2009,978-1-09-219728-1,0,2
Exclusive analyzing system engine,山本 里佳,8,1985,978-0-89718-872-2,2,1
Upgradable didactic circuit,Nicole Rubio,8,2015,978-1-930897-87-8,2,1
Face-to-face homogeneous projection,松田 篤司,7,2022,978-1-72201-888-7,1,1
Visionary explicit strategy,松本 知実,2,2002,978-1-4686-6893-3,2,1
Profit-focused impactful structure,佐藤 陽子,1,1987,978-0-921590-29-3,2,1
Cloned bifurcated focus group,佐々木 陽子,2,1988,978-1-227-85048-7,0,2
Mandatory zero-defect architecture,吉田 裕太,5,2023,978-0-670-51812-8,2,1
Open-source tertiary neural-net,中川 聡太郎,2,1993,978-1-361-22756-5,2,1
Profit-focused user-facing matrix,佐藤 知実,6,1988,978-1-156-64408-9,2,1
Reactive 4thgeneration projection,Sarah Foster,8,1981,978-0-10-150167-5,1,1
Secured intermediate structure,Stephanie Guerrero,2,2016,978-0-8467-4216-6,2,1
Programmable grid-enabled knowledge user,鈴木 くみ子,1,1987,978-0-06-561880-8,1,1
Seamless web-enabled adapter,中川 淳,4,2005,978-0-10-663556-6,0,2
Vision-oriented directional knowledgebase,中村 桃子,5,1983,978-1-922706-28-7,1,1
Decentralized homogeneous monitoring,藤田 浩,4,2016,978-0-04-190225-9,0,2
Optional optimal Internet solution,Clinton Gray,1,1983,978-0-87356-564-6,0,2
Monitored bi-directional strategy,Felicia Brown,5,1997,978-0-7272-7491-5,2,1
Balanced next generation system engine,山田 花子,3,1981,978-0-86772-252-9,1,1
Front-line maximized framework,松本 翔太,3,2010,978-0-8366-8095-9,1,1
Pre-emptive reciprocal encryption,Courtney Orr,8,2008,978-0-85649-897-8,1,1
Cross-platform systematic strategy,Autumn Nelson,8,1990,978-1-255-14824-2,2,1
Versatile contextually-based Local Area Network,Dr. Robert Calderon,7,1991,978-0-87326-528-7,2,1
Persevering multi-state architecture,Kevin Porter,6,1996,978-0-549-65268-7,1,1
Multi-tiered grid-enabled moderator,岡本 零,3,2008,978-1-69542-409-8,2,1
Programmable multi-state installation,石川 浩,8,2017,978-1-4815-3920-3,0,2
Profit-focused multi-state alliance,田中 春香,6,1982,978-0-7564-4672-7,0,2
Cloned foreground open architecture,山崎 結衣,8,1988,978-0-7495-7783-4,1,1
Open-source 3rdgeneration conglomeration,Warren Friedman,4,1980,978-1-67211-142-3,2,1
Public-key composite analyzer,加藤 淳,4,2019,978-0-7348-1560-6,0,2
Automated global database,松本 修平,1,2010,978-0-19-122671-7,0,2
Multi-channeled stable matrices,Joel Mack,7,2020,978-1-4342-0477-6,0,2
Switchable impactful interface,Chad Roberts,4,2010,978-1-166-10196-1,2,1
Open-source empowering function,Heather Gentry,7,2023,978-0-7148-6133-3,2,1
Organized intermediate encoding,Rick Long,3,1996,978-1-123-64584-2,1,1
Multi-lateral 3rdgeneration open system,Monica Page,8,1992,978-1-70149-970-6,2,1
Re-contextualized radical software,Marc Bonilla,2,1987,978-0-89522-614-3,0,2
User-friendly modular database,佐々木 陽子,8,1997,978-1-4910-1595-7,2,1
Open-architected 6thgeneration matrices,Reginald Hunter DDS,8,2022,978-1-04-577259-6,2,1
Focused local flexibility,Nathaniel Hall,7,1988,978-1-61312-832-9,0,2
Fundamental human-resource hardware,Willie Schneider,1,2006,978-1-5442-6817-0,0,2
Adaptive national installation,Evelyn Johns,3,2003,978-1-375-82568-9,2,1
Quality-focused bottom-line core,Edwin Moore,4,2012,978-1-5015-5618-0,2,1
Optimized tangible attitude,Jesse Conway,1,1980,978-0-926086-05-0,2,1
Sharable holistic framework,後藤 あすか,4,1998,978-0-214-24395-0,1,1
De-engineered explicit flexibility,Paul Kelly,8,1991,978-0-7869-1763-1,2,1
Exclusive real-time methodology,Robin Anderson,2,2017,978-0-396-39189-0,1,1
Ergonomic homogeneous application,後藤 英樹,2,1989,978-0-646-77885-3,2,1
Versatile value-added functionalities,吉田 裕美子,2,2009,978-0-86164-916-7,2,1
Synchronized impactful artificial intelligence,佐藤 結衣,4,1983,978-0-232-89161-4,0,2
Assimilated 4thgeneration hardware,Ryan Stephenson,7,1987,978-1-930505-56-8,2,1
Synergized heuristic middleware,Matthew Dawson,8,1999,978-0-256-60005-6,2,1
Quality-focused explicit installation,Christopher Cooke,7,1982,978-1-59492-839-0,1,1
Team-oriented systematic policy,佐藤 結衣,5,1994,978-0-02-109469-1,2,1
Universal uniform projection,小林 裕太,1,1997,978-1-261-19236-9,2,1
Optional radical knowledgebase,清水 さゆり,1,2005,978-1-4859-5096-7,1,1
User-centric directional help-desk,Christopher Thompson,3,2016,978-0-07-401604-6,0,2
Reverse-engineered 5thgeneration superstructure,Andrew Rodriguez,8,2022,978-1-4622-9982-9,1,1
Vision-oriented leadingedge parallelism,岡田 陽子,8,2017,978-1-81777-478-0,2,1
Programmable high-level pricing structure,Mark Valdez,3,1986,978-0-216-34678-9,0,2
Focused homogeneous process improvement,Austin Hogan,2,2018,978-0-88932-621-7,2,1
Synergized encompassing ability,佐藤 桃子,4,1980,978-1-57264-802-9,1,1
Programmable mobile function,Christy Cochran,8,2000,978-1-365-20025-0,0,2
De-engineered intermediate policy,小林 知実,2,2003,978-1-62494-830-5,0,2
Multi-tiered value-added encoding,中村 明美,8,1995,978-1-352-64830-0,1,1
Face-to-face 3rdgeneration success,前田 裕太,2,1986,978-0-686-44790-0,1,1
Decentralized system-worthy artificial intelligence,Tiffany Hunter,8,1985,978-0-428-30891-9,2,1
Ergonomic asynchronous interface,Dennis Smith,1,1998,978-1-84168-205-1,0,2
Innovative client-driven Graphical User Interface,Albert Woodard DDS,7,2015,978-1-133-53251-4,1,1
Configurable explicit installation,林 裕美子,7,1986,978-0-00-305550-4,0,2
Secured optimal moderator,西村 加奈,2,2009,978-1-293-98473-4,0,2
Monitored analyzing knowledge user,加藤 智也,1,1996,978-1-72637-730-0,1,1
Multi-channeled motivating array,Randy Snyder,8,2007,978-1-4541-3008-6,2,1
Managed responsive neural-net,伊藤 裕美子,3,1985,978-1-898645-07-8,0,2
Advanced zero tolerance analyzer,鈴木 くみ子,5,1998,978-1-67064-347-6,0,2
Persevering well-modulated capacity,村上 英樹,6,1983,978-0-16-297684-9,0,2
Seamless zero-defect analyzer,高橋 知実,4,2020,978-1-64852-843-9,2,1
Ameliorated interactive parallelism,Courtney Jackson,8,2008,978-0-7999-5495-1,2,1
Fundamental eco-centric infrastructure,池田 浩,1,1987,978-1-290-86467-1,0,2
Quality-focused content-based standardization,加藤 稔,1,1986,978-1-282-40246-1,0,2
Reduced transitional collaboration,三浦 拓真,3,2001,978-0-85909-095-7,1,1
Customizable incremental algorithm,伊藤 修平,5,2013,978-0-922746-17-0,2,1
Future-proofed non-volatile orchestration,Mark Sanders,2,2016,978-1-884320-89-7,1,1
Synergistic cohesive core,Lori Vazquez,2,1997,978-0-8422-1765-1,1,1
Mandatory analyzing function,Douglas Cohen,8,1992,978-1-165-21262-0,1,1
Innovative uniform software,Patricia Bishop,1,2008,978-0-87670-353-3,2,1
Re-engineered 24hour Internet solution,山口 舞,4,1986,978-1-82415-539-8,2,1
De-engineered modular moderator,伊藤 香織,1,2007,978-0-394-49446-3,1,1
Assimilated bi-directional system engine,前田 淳,3,1999,978-0-17-045691-3,0,2
Face-to-face value-added circuit,Emily Hall,4,1980,978-0-379-34085-3,1,1
Re-engineered intangible hardware,Kurt Jones,1,2003,978-1-78619-025-3,1,1
Programmable zero-defect methodology,Jill Hamilton,4,2017,978-1-4873-6277-5,1,1
Realigned user-facing interface,小林 淳,8,2017,978-0-947129-78-1,0,2
Reduced 24hour artificial intelligence,後藤 康弘,1,2009,978-0-323-60481-9,1,1
Managed high-level matrices,山田 裕樹,4,2008,978-0-294-01138-8,1,1
Centralized fresh-thinking installation,前田 加奈,6,2021,978-0-491-93454-1,0,2
Synchronized encompassing support,Rebecca Kennedy,8,2006,978-1-05-807573-8,0,2
Synergistic full-range ability,高橋 あすか,6,1984,978-1-00-057922-2,0,2
Synchronized tangible Local Area Network,Jeffrey Nelson,4,2004,978-1-201-85084-7,2,1
Front-line empowering process improvement,Victor Giles,1,2000,978-1-5278-2818-6,2,1
Versatile scalable firmware,鈴木 京助,8,1990,978-1-148-95956-6,0,2
Reactive zero administration encoding,坂本 舞,2,1985,978-1-5106-6462-3,0,2
Ameliorated asymmetric extranet,吉田 淳,7,1992,978-1-03-475363-6,0,2
Reduced encompassing function,Charles Williams,2,1990,978-0-564-98492-3,0,2
Enterprise-wide exuding instruction set,Jennifer Jones,6,2020,978-1-77708-335-9,0,2
Profit-focused multimedia info-mediaries,橋本 結衣,3,2003,978-0-330-06070-7,1,1
Decentralized directional approach,山下 淳,2,1995,978-1-157-27166-6,1,1
Up-sized web-enabled software,木村 京助,7,1985,978-1-80079-413-9,0,2
Exclusive systemic workforce,Cheryl Camacho,1,1983,978-1-893771-43-7,0,2
Upgradable multimedia collaboration,Robert Hogan,2,1998,978-1-68806-900-8,0,2
Monitored systemic project,小林 拓真,6,1984,978-0-540-24757-8,2,1
Focused executive definition,Ashley Myers,1,2022,978-1-168-75804-0,2,1
Exclusive zero tolerance model,Dana Henderson,8,1986,978-0-08-036719-4,1,1
Down-sized intermediate Internet solution,佐藤 七夏,6,2012,978-0-316-17632-3,0,2
Horizontal intermediate portal,高橋 洋介,3,1984,978-1-161-10273-4,0,2
Front-line multimedia application,村上 花子,4,2021,978-0-8156-6324-9,1,1
Proactive fresh-thinking moratorium,高橋 晃,8,2009,978-1-933170-31-2,2,1
Open-source directional model,西村 直樹,6,1983,978-1-164-38281-2,2,1
Exclusive 24hour moderator,David Bailey,5,1997,978-1-117-13505-2,0,2
Organized 24hour archive,Michael Parker,4,1995,978-0-02-945627-9,1,1
Extended methodical projection,佐々木 裕美子,4,2006,978-0-9898449-0-1,1,1
Fundamental exuding adapter,Chelsea Estrada,1,2014,978-1-69840-808-8,0,2
Optimized exuding productivity,Laura Miller,7,2010,978-1-331-68222-6,0,2
Total didactic interface,Abigail Hanna,5,1987,978-0-699-25121-1,0,2
Fully-configurable zero administration interface,佐藤 直人,7,1984,978-1-5124-0189-9,2,1
Networked responsive budgetary management,木村 晃,6,2023,978-1-75001-259-8,1,1
Re-engineered static initiative,Danielle Ochoa,8,2014,978-0-7335-0216-3,0,2
Versatile bi-directional open architecture,John Davis,7,2009,978-0-493-34764-6,0,2
Seamless executive hierarchy,松本 花子,6,1987,978-1-86729-301-9,2,1
Switchable directional collaboration,Russell Ritter,7,2019,978-0-450-62294-6,0,2
Implemented 24hour groupware,Latoya Mills,1,2011,978-1-85308-638-0,0,2
Proactive maximized analyzer,鈴木 篤司,2,1995,978-0-640-67191-4,1,1
Visionary background hardware,Darin Gomez,6,2021,978-1-291-46249-4,2,1
Adaptive scalable infrastructure,Courtney Robbins,6,2006,978-1-66958-111-6,2,1
Organized upward-trending structure,中村 直子,1,2014,978-1-5426-0358-4,1,1
Vision-oriented stable capability,Andrew George,7,1993,978-0-16-719499-6,2,1
Multi-tiered zero-defect approach,Cheryl Davidson,8,2013,978-1-120-64376-6,0,2
Self-enabling logistical application,石川 香織,2,2006,978-0-451-33497-8,2,1
Front-line bi-directional groupware,鈴木 治,6,2021,978-1-5293-0849-5,2,1
Fully-configurable clear-thinking portal,Mark Austin,1,2012,978-0-01-944223-7,0,2
Ameliorated content-based flexibility,Kevin Parker MD,8,2009,978-1-80452-957-7,2,1
Grass-roots needs-based migration,Timothy Cooper,1,2022,978-1-323-35885-6,2,1
Vision-oriented multi-state project,Jessica Day,1,2004,978-1-930086-35-7,2,1
Reverse-engineered system-worthy encoding,小林 裕太,5,2000,978-0-07-713790-8,2,1
Exclusive client-driven hierarchy,三浦 裕美子,2,1996,978-0-383-15953-3,1,1
Ameliorated explicit support,John Mitchell,1,2011,978-0-12-456015-4,2,1
Quality-focused 5thgeneration secured line,Ethan Newman,1,1993,978-1-364-59652-1,1,1
Down-sized neutral array,鈴木 稔,8,2021,978-1-85566-366-4,2,1
Fully-configurable contextually-based interface,渡辺 淳,1,1998,978-0-535-26564-8,1,1
Enhanced background secured line,Nancy Soto,3,1985,978-1-211-83563-6,0,2
Right-sized optimizing open architecture,Kristin Flores,1,1986,978-0-13-079848-0,0,2
Pre-emptive multimedia Local Area Network,藤田 涼平,1,1982,978-1-316-27786-7,0,2
Ameliorated real-time paradigm,加藤 翼,4,1986,978-0-13-634323-3,1,1
Multi-layered homogeneous encryption,伊藤 知実,1,1984,978-1-67495-756-2,2,1
Seamless interactive challenge,木村 春香,8,2014,978-0-8123-4912-2,0,2
Profound human-resource benchmark,Nancy Smith,8,2014,978-1-63049-998-3,1,1
Right-sized bifurcated access,松本 明美,8,2018,978-1-71371-626-6,0,2
Down-sized clear-thinking algorithm,渡辺 幹,2,2023,978-1-55904-004-4,1,1
Reactive dedicated migration,Alison Freeman,6,2010,978-1-311-82713-5,2,1
Re-engineered hybrid access,Keith White,1,1995,978-1-67054-329-5,2,1
Triple-buffered holistic circuit,田中 翼,3,2008,978-1-908615-54-1,1,1
Open-source demand-driven frame,Caroline Collins,7,2011,978-1-878103-63-5,1,1
Intuitive methodical knowledgebase,Nancy Rich,8,1997,978-1-186-86718-2,1,1
Streamlined optimizing toolset,Anthony Heath,2,2014,978-1-207-69708-8,0,2
Implemented national emulation,Lisa Herrera,7,2009,978-0-304-26308-0,1,1
Automated client-server alliance,Jacob Robles,8,2014,978-1-08-206208-7,2,1
Extended real-time Graphical User Interface,伊藤 陽一,4,1982,978-1-04-029569-4,1,1
Cross-platform optimal website,西村 晃,1,2007,978-1-191-51592-4,2,1
Reverse-engineered hybrid toolset,Eduardo Hernandez,7,2016,978-0-612-08570-1,2,1
Switchable multi-state encryption,佐藤 加奈,3,2003,978-0-10-735807-5,2,1
Compatible methodical focus group,Jonathan Brady,1,2007,978-1-5425-9229-1,2,1
Synergistic radical concept,Connor Johnston,8,1995,978-0-385-57367-2,0,2
Up-sized secondary forecast,Amy Snyder,4,1986,978-1-4327-0534-3,2,1
Proactive demand-driven portal,中島 くみ子,8,2023,978-0-17-094080-1,0,2
Realigned intangible help-desk,Anthony Ingram,1,1981,978-0-7935-0726-9,2,1
Quality-focused system-worthy orchestration,高橋 知実,8,1983,978-0-496-15308-4,2,1
Function-based object-oriented task-force,Chris Huber,4,2003,978-0-435-04594-4,1,1
Function-based didactic workforce,山田 里佳,3,1986,978-0-04-258243-6,2,1
Cross-platform human-resource capability,鈴木 健一,8,1996,978-1-182-02798-6,1,1
Visionary fault-tolerant moratorium,Jose Henderson,5,2015,978-1-55788-382-7,0,2
Optional scalable forecast,Kristin Harrison,7,2015,978-0-509-09806-7,0,2
Proactive fresh-thinking structure,Wendy Martinez,1,1990,978-0-495-22463-1,1,1
Robust regional matrix,中村 直樹,2,1984,978-0-7853-9317-7,1,1
Object-based maximized array,高橋 結衣,7,1996,978-0-7347-8276-2,0,2
Multi-lateral tangible strategy,佐藤 拓真,7,1988,978-0-466-91033-4,2,1
Networked well-modulated workforce,Melissa Garrett,7,2009,978-1-4710-4666-7,1,1
Implemented discrete task-force,近藤 知実,2,2020,978-1-110-84358-9,0,2
Operative next generation time-frame,Cristina Park,3,2002,978-0-7420-2585-1,0,2
Persevering dynamic support,Timothy Matthews,8,1993,978-0-12-816896-7,1,1
Polarized holistic installation,Patricia Hunt,8,1980,978-1-158-48047-0,0,2
Streamlined solution-oriented complexity,森 くみ子,5,2021,978-0-492-93960-6,0,2
Multi-channeled stable policy,Monica Mitchell,5,1984,978-0-01-947470-2,0,2
Business-focused methodical flexibility,Thomas Stuart,3,1995,978-0-8251-2560-7,2,1
Seamless national function,Lori Hull,3,1990,978-1-124-48330-6,2,1
Assimilated 4thgeneration Graphic Interface,橋本 七夏,5,2001,978-0-89924-123-4,1,1
Vision-oriented heuristic focus group,藤田 くみ子,3,1988,978-0-260-10429-8,2,1
De-engineered web-enabled groupware,Laurie Lang,2,2008,978-1-74560-792-1,2,1
Progressive solution-oriented policy,林 晃,8,2002,978-1-925575-96-5,2,1
User-centric 24/7 toolset,中村 知実,7,1983,978-1-04-528497-6,1,1
Optimized mobile moratorium,Thomas Bean,5,1990,978-1-133-07614-8,2,1
Horizontal clear-thinking core,木村 晃,5,2010,978-0-620-89326-8,1,1
Networked holistic definition,Kimberly Tucker,4,1987,978-0-88039-700-1,1,1
Seamless uniform throughput,清水 陽子,5,2014,978-0-317-36717-1,2,1
Re-contextualized demand-driven parallelism,Travis Black,5,1994,978-0-330-88947-6,1,1
Virtual executive algorithm,斎藤 太郎,3,1987,978-0-7330-1425-3,2,1
Optional impactful info-mediaries,Jack Brown,5,2022,978-1-84851-303-7,2,1
Multi-lateral 5thgeneration focus group,田中 さゆり,2,2023,978-1-82236-682-6,2,1
Polarized client-driven matrix,Michael Sanchez,1,1981,978-0-9791313-2-5,1,1
Fully-configurable disintermediate middleware,Charles Garcia,6,2019,978-1-5436-3585-0,0,2
Polarized optimal superstructure,Rachel Simmons,1,1992,978-1-324-91904-9,2,1
Balanced discrete attitude,林 陽子,5,2003,978-0-472-81215-8,1,1
Visionary coherent application,Scott Stein,4,1982,978-1-57271-988-0,0,2
Centralized 6thgeneration info-mediaries,林 直人,8,1990,978-1-911061-36-6,1,1
Ergonomic 4thgeneration Graphic Interface,Mark Beasley,2,2020,978-0-473-26667-7,0,2
Reduced methodical groupware,伊藤 裕太,4,2015,978-0-498-30462-0,2,1
Up-sized radical capability,鈴木 直子,5,2013,978-1-939059-30-7,1,1
Team-oriented 5thgeneration parallelism,Paul Figueroa,6,2002,978-1-75797-445-5,0,2
Grass-roots eco-centric middleware,John Howell,4,1988,978-1-80048-664-5,1,1
Multi-layered asymmetric challenge,Megan Hernandez,8,2008,978-1-69753-144-2,1,1
Optional static portal,Russell Davidson,7,1997,978-1-227-12654-4,2,1
Implemented even-keeled protocol,藤原 充,8,2004,978-1-138-39299-1,1,1
Advanced fault-tolerant data-warehouse,中村 直人,1,2016,978-0-340-32991-7,1,1
Innovative 24hour hierarchy,Kathy Henry,4,2011,978-1-85876-532-7,1,1
Diverse bandwidth-monitored process improvement,近藤 翼,4,1990,978-0-8265-2657-1,0,2
Enterprise-wide neutral capacity,Brandon Meyers,5,1988,978-0-575-25721-4,1,1
Operative executive structure,Heather Lee,5,1983,978-0-211-77574-4,0,2
Multi-tiered tertiary algorithm,山本 舞,4,2022,978-0-567-03246-1,1,1
Visionary fresh-thinking instruction set,前田 くみ子,3,2019,978-1-08-143219-5,2,1
Multi-tiered exuding encoding,青木 智也,1,1984,978-0-216-56571-5,2,1
Digitized content-based forecast,小川 明美,7,1995,978-0-9856274-4-7,0,2
Cloned radical architecture,吉田 幹,2,1994,978-0-410-01070-7,2,1
Digitized modular firmware,山下 花子,5,1981,978-1-338-46587-7,0,2
Optional dedicated algorithm,Andrea Valentine,1,2016,978-0-03-354580-8,2,1
Business-focused fault-tolerant encoding,斎藤 稔,6,2020,978-1-76713-181-7,1,1
Synergistic regional database,佐々木 太郎,4,1986,978-1-4132-6748-8,1,1
Ergonomic well-modulated conglomeration,Johnathan Thompson,6,2011,978-1-04-356248-9,1,1
Public-key real-time definition,遠藤 拓真,1,2021,978-1-995811-85-7,1,1
Business-focused tertiary encoding,Natasha Burnett,2,2021,978-1-79900-485-1,2,1
Diverse incremental algorithm,Patrick Murphy,7,2005,978-0-332-66447-7,2,1
Synergistic bifurcated info-mediaries,中川 篤司,3,1999,978-0-7531-7549-1,0,2
Re-contextualized bandwidth-monitored extranet,Dana Underwood,8,1982,978-0-02-591296-0,0,2
Digitized web-enabled access,鈴木 和也,2,1988,978-1-319-88501-4,1,1
Team-oriented zero tolerance matrix,長谷川 春香,7,1982,978-1-5212-2766-4,1,1
Virtual systematic projection,Brett Boyer,1,2015,978-0-458-81260-8,1,1
Reverse-engineered asymmetric functionalities,小林 治,2,1983,978-0-8204-4090-3,0,2
Vision-oriented encompassing superstructure,池田 稔,1,2007,978-1-5475-7354-7,0,2
Implemented radical middleware,三浦 桃子,4,2002,978-1-281-69975-6,1,1
Exclusive upward-trending interface,Christopher Camacho,5,2005,978-0-07-705658-2,0,2
Proactive high-level interface,Tyler Holt,7,1993,978-0-339-07196-4,0,2
Multi-lateral hybrid extranet,池田 知実,4,1985,978-1-262-61721-2,1,1
Stand-alone zero tolerance framework,Ryan Lewis,4,1992,978-1-74319-614-4,0,2
Reduced asymmetric portal,佐藤 翼,8,1982,978-0-629-59120-2,1,1
Streamlined holistic initiative,Jose Wilcox Jr.,6,1981,978-1-05-721002-4,1,1
Robust value-added moratorium,Chloe Reeves,8,2009,978-1-79332-091-9,0,2
Enterprise-wide reciprocal focus group,Cory Alexander,5,1987,978-1-5161-5214-8,1,1
Vision-oriented static framework,佐藤 英樹,4,2009,978-0-8043-7044-8,1,1
Switchable holistic matrix,太田 直人,7,1998,978-0-550-97731-1,0,2
Sharable web-enabled hardware,Dan Hickman,3,1996,978-0-555-40995-4,1,1
Enterprise-wide directional frame,Charles Kelly,3,2008,978-1-235-46405-8,1,1
Grass-roots impactful model,Joshua Collins,2,1984,978-1-873026-13-7,0,2
Proactive multi-tasking model,Bradley Maxwell,8,1984,978-0-9866505-6-7,0,2
Stand-alone asynchronous throughput,Mary Griffin,3,1998,978-0-9524939-3-8,2,1
Advanced full-range flexibility,John Turner,3,2000,978-1-321-02038-0,2,1
Function-based scalable intranet,Andrea Conway,3,2012,978-1-7346994-3-2,1,1
Versatile leadingedge middleware,山口 明美,8,1998,978-0-89917-062-6,2,1
Implemented intangible hub,Jacqueline Smith,6,2000,978-1-81005-788-0,2,1
Cloned 4thgeneration hierarchy,Connie Frazier,4,1985,978-0-201-31402-1,2,1
Business-focused heuristic infrastructure,Sharon Rose,4,2023,978-0-8440-3450-8,0,2
Operative object-oriented extranet,Wesley Mitchell,1,2002,978-0-208-82490-5,2,1
Exclusive empowering infrastructure,Courtney Hebert,7,1980,978-1-947530-29-4,0,2
Versatile maximized protocol,山田 舞,4,2006,978-0-678-60611-7,0,2
Phased hybrid algorithm,Tiffany Smith,5,2007,978-0-03-803343-0,1,1
Multi-lateral tangible archive,岡田 稔,1,2011,978-0-88854-763-7,1,1
Mandatory multimedia collaboration,Jessica Rodriguez,1,2021,978-0-18-138600-1,2,1
Function-based eco-centric instruction set,Connor Morse,6,2020,978-0-246-17156-6,0,2
Synchronized 6thgeneration array,鈴木 翔太,6,1996,978-0-225-10746-3,2,1
Multi-tiered modular array,Alyssa Chavez,6,2010,978-1-135-56133-8,2,1
Diverse heuristic groupware,福田 香織,5,2008,978-0-8148-8601-4,0,2
Ameliorated tertiary encryption,岡本 春香,6,1991,978-1-05-551815-3,1,1
Cloned asymmetric structure,吉田 千代,4,1981,978-1-183-36263-5,0,2
Synergistic responsive paradigm,Tammy Francis,3,2007,978-1-4307-1105-6,2,1
Object-based impactful installation,Bryan Palmer,4,2001,978-0-257-20227-3,0,2
Pre-emptive systemic open system,山崎 陽一,3,2022,978-1-885689-99-3,2,1
Quality-focused mission-critical challenge,鈴木 桃子,2,2021,978-1-7325333-1-8,1,1
Re-engineered cohesive architecture,Tammy Huff,1,2008,978-0-9900777-0-1,0,2
Inverse bandwidth-monitored secured line,Anna Johnson,4,2021,978-1-85698-846-9,0,2
Vision-oriented dynamic instruction set,石川 あすか,1,1988,978-0-14-310789-7,0,2
Exclusive zero tolerance knowledgebase,遠藤 零,4,2013,978-0-652-44113-0,1,1
Multi-layered web-enabled task-force,Catherine Herrera,8,2005,978-0-473-22178-2,1,1
Devolved fault-tolerant neural-net,佐藤 里佳,2,2007,978-0-8354-2494-3,0,2
Synergistic multimedia function,Chris Randall,3,2015,978-0-9853710-0-5,2,1
Cloned reciprocal productivity,林 春香,6,1996,978-0-223-47210-5,0,2
Focused attitude-oriented protocol,林 涼平,8,1982,978-1-07-895754-0,1,1
Customer-focused homogeneous utilization,山田 くみ子,1,1992,978-1-77980-944-5,1,1
Vision-oriented executive instruction set,山本 拓真,4,1981,978-1-69504-382-4,1,1
Exclusive neutral task-force,Debbie Donaldson,2,2010,978-1-02-118993-6,2,1
Switchable asymmetric data-warehouse,Doris Griffin,1,2010,978-0-322-34879-0,2,1
Down-sized foreground superstructure,Joyce Sweeney,8,1988,978-1-889148-85-4,2,1
Configurable composite circuit,伊藤 陽子,8,1989,978-1-151-43218-6,2,1
Face-to-face impactful firmware,Joshua Bass,2,2003,978-1-64781-226-3,0,2
Intuitive zero-defect archive,松田 陽子,3,2002,978-0-89656-440-4,1,1
Expanded impactful conglomeration,Larry Villanueva,4,2011,978-1-177-67519-2,0,2
Organized upward-trending artificial intelligence,Bryan Smith,2,2019,978-1-288-71667-8,1,1
Mandatory client-server budgetary management,林 京助,1,1990,978-1-09-668858-7,1,1
Up-sized tangible focus group,Meghan Dawson,5,1981,978-1-4394-1718-8,2,1
Front-line coherent leverage,藤原 晃,5,1992,978-1-308-00673-4,1,1
Multi-tiered logistical conglomeration,Sheila Rivera,6,2016,978-0-88001-888-3,2,1
Re-contextualized dynamic focus group,鈴木 太一,8,1998,978-1-972241-39-4,0,2
Synergistic reciprocal concept,David Chapman MD,4,2004,978-0-16-408495-5,1,1
Organic coherent open system,Amanda Garcia,4,1996,978-0-85658-123-6,2,1
Assimilated background info-mediaries,渡辺 稔,5,1982,978-1-86110-615-5,2,1
Open-architected full-range matrix,長谷川 英樹,3,2009,978-1-937180-68-3,1,1
Automated encompassing function,山本 裕美子,4,2002,978-0-498-41107-6,2,1
Configurable content-based frame,近藤 直子,2,2004,978-1-75661-494-9,0,2
Function-based background methodology,Brent Larsen,2,1993,978-0-9821872-5-8,0,2
Phased mission-critical firmware,Kelsey Grant,6,2013,978-0-12-297369-7,1,1
Virtual heuristic support,中村 明美,7,2022,978-1-67794-267-1,1,1
Open-architected non-volatile complexity,山本 明美,1,2021,978-0-211-27291-5,2,1
Multi-layered encompassing database,山口 健一,3,2017,978-1-946278-08-1,1,1
Multi-channeled neutral instruction set,Mindy Bernard,1,1983,978-0-19-398301-4,2,1
Decentralized background access,Jo Young,4,2007,978-1-937047-54-2,1,1
Fundamental multi-tasking toolset,Vanessa Davidson,7,1995,978-0-01-549411-7,1,1
Multi-tiered real-time encoding,Peter Mitchell,4,2018,978-1-890045-85-2,2,1
Optimized next generation superstructure,鈴木 裕美子,3,1995,978-1-156-55392-3,0,2
Cross-platform fault-tolerant challenge,森 花子,8,2006,978-1-299-20639-7,1,1
Re-engineered encompassing focus group,田中 治,4,1981,978-1-951871-86-4,1,1
Implemented modular knowledge user,James Howard,8,2021,978-1-873604-79-3,2,1
Assimilated logistical alliance,Gabriel Simmons,8,2013,978-1-79756-033-5,0,2
Proactive empowering forecast,Christine Giles,1,1982,978-1-84510-534-1,1,1
Reactive fresh-thinking conglomeration,中村 春香,5,1987,978-0-583-68706-5,0,2
Programmable contextually-based utilization,Whitney Mckay,2,2019,978-1-65068-801-5,1,1
Synchronized uniform functionalities,Scott Lam,6,2001,978-1-4984-3423-2,0,2
Team-oriented eco-centric encoding,伊藤 七夏,1,2006,978-0-437-73756-4,0,2
Optimized asynchronous orchestration,山田 春香,3,2019,978-1-57794-685-4,1,1
Multi-channeled foreground installation,山本 千代,1,1983,978-0-14-785689-0,2,1
Total fault-tolerant circuit,Phillip Gardner,4,2006,978-0-11-733795-4,1,1
Front-line tertiary encryption,田中 千代,6,2021,978-1-187-82758-1,2,1
Optimized holistic initiative,森 知実,6,2018,978-0-446-39033-0,0,2
Ergonomic cohesive infrastructure,Tracy Summers,2,1988,978-1-224-59174-1,0,2
Mandatory full-range extranet,中村 和也,4,1997,978-0-279-25904-0,0,2
Diverse interactive archive,松本 裕美子,8,2023,978-0-03-748155-3,0,2
Persistent coherent matrices,Adam Jimenez,4,1998,978-1-195-99652-1,0,2
Cross-platform context-sensitive interface,Christopher Williams,7,1998,978-0-396-79979-5,1,1
Enterprise-wide reciprocal portal,Andrew Oneal,1,1992,978-1-82866-000-3,2,1
Digitized 4thgeneration help-desk,Michael Gordon,7,1999,978-0-623-40173-6,1,1
Synergized methodical conglomeration,近藤 和也,3,2004,978-1-898117-66-7,2,1
Cloned motivating Internet solution,Melissa Gonzales,4,2022,978-0-15-502419-9,1,1
Streamlined real-time implementation,石川 晃,8,2015,978-0-7572-1475-2,0,2
Triple-buffered 24/7 definition,池田 千代,8,1985,978-1-83983-876-7,0,2
Monitored executive attitude,Lauren Cook,2,1982,978-0-247-77857-3,2,1
Ergonomic 5thgeneration data-warehouse,Kristy Davis,7,2015,978-1-79620-902-0,2,1
Operative demand-driven info-mediaries,斎藤 桃子,1,1981,978-1-294-69611-7,2,1
Versatile static workforce,Eric Sherman,5,2005,978-0-919398-03-0,1,1
Ameliorated modular hub,伊藤 明美,2,2015,978-0-369-15483-5,0,2
Assimilated empowering time-frame,Lisa Harmon,3,2009,978-1-78582-543-9,1,1
Triple-buffered mission-critical info-mediaries,三浦 くみ子,7,1988,978-1-81631-139-9,2,1
De-engineered zero administration Graphical User Interface,Diane Pollard,8,1990,978-0-10-171354-2,2,1
Optional responsive moderator,Rebecca Chan,5,1986,978-1-363-21620-8,2,1
Right-sized disintermediate open architecture,長谷川 洋介,3,2022,978-1-04-915374-2,1,1
Adaptive web-enabled firmware,Troy White,3,2016,978-1-74948-910-3,0,2
Robust national adapter,田中 幹,4,2009,978-1-72699-773-7,1,1
Polarized executive adapter,Jessica Wiggins,5,2000,978-1-924446-07-5,2,1
Implemented object-oriented info-mediaries,Jill Gonzales,7,1995,978-0-203-40399-0,0,2
Mandatory intermediate migration,森 稔,4,2007,978-0-8408-6962-3,1,1
Automated systemic access,阿部 裕樹,7,1999,978-0-253-49297-5,1,1
Multi-lateral mission-critical focus group,Victoria Olson,2,2004,978-1-08-757968-9,2,1
Streamlined systematic throughput,Katherine Santos,5,2023,978-1-873681-91-6,1,1
Integrated object-oriented time-frame,Tony Harris,3,2008,978-0-8497-0704-9,0,2
Right-sized demand-driven open architecture,William Barry,3,1997,978-1-111-49973-0,1,1
Robust real-time hardware,山口 治,3,2018,978-1-71336-202-9,2,1
Digitized 24hour knowledgebase,Calvin Dunn,2,2018,978-0-294-81100-1,1,1
Decentralized explicit policy,Alan Mcdonald,8,1980,978-1-07-043536-7,2,1
Distributed clear-thinking workforce,Veronica Baxter,1,1998,978-0-202-48255-2,0,2
Assimilated human-resource paradigm,David Alexander,5,2021,978-1-03-788681-2,2,1
Self-enabling optimal neural-net,James Lutz,2,2018,978-0-657-42975-1,0,2
Managed homogeneous info-mediaries,Paul Hill,3,2019,978-0-87383-784-2,0,2
Multi-layered local pricing structure,Melissa Hall,5,1987,978-0-281-42920-2,1,1
Persistent stable analyzer,Jennifer Garcia,3,1989,978-1-256-09655-9,2,1
Monitored multimedia access,Megan Garcia,7,1999,978-0-7653-3826-6,0,2
User-centric directional contingency,山本 裕樹,8,1995,978-0-296-42024-9,2,1
Organized scalable extranet,田中 くみ子,8,2009,978-0-423-13028-7,2,1
Focused zero tolerance initiative,山口 晃,1,1983,978-1-86846-819-5,0,2
Fully-configurable mission-critical projection,森 智也,6,2016,978-0-7480-7737-3,1,1
Focused object-oriented frame,加藤 稔,2,2015,978-0-477-23468-9,0,2
Digitized object-oriented firmware,吉田 千代,3,2022,978-1-55148-472-3,0,2
Total intermediate orchestration,Angela Bernard,4,1997,978-0-04-030377-4,0,2
Networked homogeneous implementation,Brian Williams,2,2019,978-1-116-14424-6,2,1
Diverse client-server Graphic Interface,Samuel Cox,5,2007,978-0-276-81101-2,2,1
Managed holistic success,清水 春香,3,1987,978-1-74657-021-7,1,1
Team-oriented optimal intranet,Kari Oconnor,7,1981,978-1-4932-6073-7,0,2
Expanded high-level open architecture,阿部 亮介,8,2019,978-1-01-849184-4,1,1
Fully-configurable background projection,三浦 さゆり,1,2018,978-0-289-11672-2,2,1
Phased fault-tolerant model,山田 あすか,5,2019,978-1-186-44608-0,1,1
Synergistic multi-tasking solution,William Vaughn,7,2004,978-0-9659344-9-7,1,1
De-engineered motivating Graphic Interface,佐藤 美加子,8,1988,978-0-272-85298-9,2,1
Operative leadingedge paradigm,前田 幹,6,1983,978-0-7451-5099-4,1,1
Open-architected even-keeled focus group,Pamela Walker,2,1997,978-0-18-291409-8,1,1
Diverse even-keeled customer loyalty,Dorothy Collins,4,1982,978-0-12-133753-7,0,2
Multi-layered tangible benchmark,林 くみ子,1,1994,978-1-272-23298-6,2,1
Secured systemic strategy,吉田 里佳,3,2010,978-1-03-713265-0,0,2
Horizontal reciprocal synergy,佐藤 浩,5,2006,978-0-243-52467-9,1,1
Multi-tiered impactful challenge,Ellen Gregory,5,2011,978-0-16-774183-1,0,2
Enhanced global knowledgebase,James Mccarty,8,2016,978-0-361-41999-4,2,1
Enterprise-wide human-resource instruction set,橋本 稔,8,1980,978-0-360-22989-1,1,1
Sharable 5thgeneration structure,Aaron Sexton,5,1988,978-0-08-887137-2,2,1
Self-enabling web-enabled standardization,清水 涼平,6,1984,978-1-988055-85-5,0,2
Synergized zero administration initiative,Mr. Jesse Calhoun,5,2005,978-0-216-08562-6,2,1
Future-proofed national Graphical User Interface,Alicia Ballard MD,7,2006,978-0-7526-8169-6,0,2
Implemented intangible projection,松田 花子,6,1997,978-0-348-24699-5,1,1
Pre-emptive upward-trending complexity,山本 零,4,1987,978-0-03-451340-0,0,2
Configurable attitude-oriented Graphic Interface,Jacqueline Palmer,1,2020,978-1-283-96384-8,2,1
Digitized global array,佐々木 あすか,4,1997,978-0-203-44205-0,0,2
Upgradable bandwidth-monitored paradigm,Lisa Jackson,4,1989,978-0-314-93069-9,0,2
Managed next generation budgetary management,中村 さゆり,4,2022,978-1-00-795751-1,2,1
Virtual bi-directional help-desk,山田 智也,1,2013,978-1-58424-993-1,1,1
Automated disintermediate budgetary management,David Olsen,5,1982,978-0-644-35751-7,0,2
Reduced secondary paradigm,Karen Powell,7,2014,978-0-946721-51-1,1,1
Configurable client-driven groupware,前田 学,6,2020,978-0-535-49963-0,2,1
Enterprise-wide multimedia algorithm,William Burns,8,2002,978-1-4622-4584-0,2,1
Cross-group client-server installation,藤田 翼,6,2023,978-0-487-07561-6,1,1
Function-based hybrid circuit,Brittany Smith,8,1996,978-1-137-72693-3,1,1
Managed contextually-based groupware,佐藤 結衣,3,2002,978-0-02-446384-5,0,2
Customer-focused heuristic challenge,Brooke Hampton,8,2004,978-1-4948-3465-4,2,1
Ameliorated client-driven ability,Gabriella Marshall,5,1992,978-1-273-28893-7,0,2
Triple-buffered real-time complexity,Jessica Perez,4,1985,978-0-425-02561-1,0,2
Synergized 24hour analyzer,石川 知実,8,2014,978-0-8091-6828-6,0,2
Multi-lateral object-oriented implementation,遠藤 晃,1,1986,978-0-7819-2115-2,1,1
Future-proofed directional strategy,Kelsey Smith,7,2004,978-0-01-331597-1,0,2
Operative national benchmark,坂本 里佳,2,2011,978-0-379-86235-5,0,2
Synchronized optimizing productivity,藤井 聡太郎,1,1983,978-1-83294-844-9,1,1
Organized even-keeled Graphic Interface,Jason Mitchell,8,1990,978-0-490-31254-8,2,1
Multi-channeled discrete installation,田中 くみ子,3,1993,978-0-9685638-6-1,2,1
Triple-buffered hybrid migration,Richard Mccann,7,1984,978-0-09-263167-2,1,1
Optional mission-critical model,Michelle Cummings,7,2019,978-0-233-15959-1,2,1
Cross-platform global standardization,Brenda Wells,1,2018,978-1-194-57619-9,1,1
Universal attitude-oriented infrastructure,Pamela Jordan,1,2015,978-1-64099-829-2,0,2
Integrated full-range open system,小川 直樹,2,2003,978-1-4975-2538-2,0,2
Phased responsive implementation,山下 裕樹,7,1997,978-0-529-71539-5,2,1
Horizontal didactic synergy,Mary Hill,1,1987,978-0-901747-15-0,2,1
Programmable composite monitoring,Scott Hall,2,1980,978-1-205-42297-2,0,2
Versatile stable system engine,Veronica Benson,1,2019,978-1-276-54842-7,0,2
Exclusive solution-oriented data-warehouse,佐藤 直子,4,2013,978-0-7918-8033-3,2,1
Seamless demand-driven Graphical User Interface,田中 稔,3,2011,978-1-109-51632-6,0,2
Distributed logistical instruction set,Jesus Roberts,4,1996,978-1-5169-8066-6,2,1
Organized encompassing strategy,Danny Mccoy,1,1980,978-1-81984-309-5,0,2
Re-contextualized value-added solution,小林 裕太,1,1996,978-0-217-44921-2,0,2
Persistent bi-directional alliance,岡田 幹,7,2007,978-1-219-61063-1,0,2
Quality-focused static challenge,Travis Taylor,8,2008,978-0-601-02139-0,0,2
Intuitive upward-trending emulation,James Olson,8,1984,978-0-7015-2907-9,0,2
Synchronized 5thgeneration project,Natasha Morris,4,2011,978-1-4431-8240-9,1,1
Profound systemic data-warehouse,三浦 里佳,8,1983,978-1-68855-001-8,1,1
Versatile maximized open system,Julie Stein,2,2006,978-0-403-22998-7,0,2
Expanded mobile application,石井 美加子,1,2009,978-1-338-56726-7,2,1
Ergonomic well-modulated hierarchy,高橋 聡太郎,3,2016,978-1-63458-942-0,0,2
Centralized impactful support,長谷川 里佳,1,1981,978-0-483-79176-3,1,1
Persistent asymmetric functionalities,Shawn Miranda,5,1981,978-0-03-181946-8,0,2
Cross-group explicit moratorium,Sydney Davis,2,1989,978-0-263-27089-1,2,1
Horizontal scalable artificial intelligence,Jacqueline Garcia,2,1998,978-0-536-87533-4,2,1
Assimilated client-server orchestration,Jessica Adkins,2,1984,978-0-295-82879-4,2,1
Polarized maximized model,橋本 明美,6,1985,978-1-213-13507-9,1,1
Grass-roots 6thgeneration encryption,田中 千代,4,2009,978-0-17-072253-7,0,2
Face-to-face analyzing service-desk,Jeffrey Keller,7,2022,978-0-9643276-9-6,1,1
Function-based local budgetary management,Terry Cordova,5,1997,978-1-62506-303-8,1,1
Synergistic explicit system engine,Michael Chambers,4,2021,978-1-63313-031-9,1,1
User-centric dynamic encoding,石井 拓真,2,1999,978-0-662-39581-2,2,1
Operative radical Local Area Network,松本 裕美子,2,1987,978-0-533-63689-1,2,1
Seamless full-range methodology,伊藤 洋介,6,2020,978-0-8353-2405-2,0,2
Public-key intermediate alliance,Emily Booker,1,1984,978-1-70204-639-8,0,2
Persevering dynamic orchestration,James Jones,2,1992,978-0-446-43780-6,1,1
Multi-lateral demand-driven migration,Brent Anderson,4,1987,978-1-64902-475-6,1,1
Inverse client-server strategy,鈴木 翼,8,1984,978-1-55303-474-2,2,1
Automated multi-state monitoring,Terri Sullivan,3,2010,978-1-277-56274-3,0,2
Digitized 5thgeneration functionalities,Kimberly Cohen,7,1998,978-1-81240-320-3,2,1
Exclusive 24hour migration,高橋 春香,4,1986,978-0-7306-4902-1,1,1
Mandatory context-sensitive process improvement,Gina Stephens,8,2000,978-1-67121-714-0,0,2
Monitored regional application,Matthew Bryan,5,2014,978-1-212-61359-2,0,2
Reduced bandwidth-monitored Graphic Interface,Mark Cooper,7,1987,978-0-85032-033-6,1,1
Multi-tiered web-enabled hub,鈴木 浩,8,2019,978-1-66908-470-9,2,1
Expanded needs-based interface,渡辺 真綾,1,2007,978-0-05-798451-5,2,1
Robust contextually-based info-mediaries,太田 七夏,3,1980,978-1-66453-706-4,1,1
Secured composite synergy,Gina Oneal,8,2014,978-1-85046-472-3,0,2
Synergized asynchronous task-force,佐藤 直子,6,1981,978-1-71368-463-3,1,1
Optional multimedia secured line,Tyler Ortiz,3,2013,978-1-4126-7066-1,0,2
Cross-platform eco-centric infrastructure,Brittany Martinez,8,1986,978-1-286-87694-7,0,2
Ameliorated transitional neural-net,George Case,3,1992,978-1-63523-327-8,0,2
Total bandwidth-monitored service-desk,渡辺 太郎,6,1983,978-1-318-66681-2,1,1
Profit-focused asynchronous conglomeration,Jodi Simpson,5,1988,978-1-125-08613-1,0,2
Reduced foreground matrices,Michael Carr,3,2015,978-1-5251-1199-0,0,2
Balanced foreground emulation,Carla Kelly,2,1987,978-1-63817-724-1,2,1
Quality-focused solution-oriented process improvement,Seth Rios,3,2023,978-0-356-50643-2,2,1
Versatile homogeneous project,Gregory Jimenez,7,1985,978-1-4508-8761-8,0,2
Progressive zero administration task-force,山崎 洋介,7,1990,978-1-147-58290-1,2,1
Self-enabling logistical alliance,Steven Browning,1,1993,978-1-77666-171-8,1,1
Team-oriented regional encryption,後藤 篤司,7,1980,978-1-950608-45-4,2,1
Realigned modular access,Joshua Romero,4,1980,978-1-83039-038-7,1,1
Sharable discrete matrices,Jillian Edwards,7,1993,978-1-7380924-2-0,2,1
Customizable value-added extranet,阿部 稔,3,1995,978-1-06-367278-6,0,2
Monitored neutral pricing structure,近藤 学,3,2017,978-0-86793-127-3,2,1
Total bifurcated migration,Stephanie Rivera,8,2020,978-1-207-50873-5,0,2
Total static middleware,Charles Murphy,1,2015,978-1-4160-5750-5,2,1
Vision-oriented methodical artificial intelligence,山本 七夏,7,2021,978-0-417-49505-7,1,1
Switchable heuristic Local Area Network,Amber Jenkins,6,2006,978-0-05-511219-4,0,2
Upgradable user-facing emulation,池田 聡太郎,8,1983,978-0-688-82000-8,2,1
Multi-lateral national circuit,Brad Hardin,4,1991,978-0-439-53310-2,1,1
Progressive national system engine,Julie Berg,5,1990,978-0-619-74154-9,2,1
Managed system-worthy archive,Frederick Wilson,2,1996,978-0-385-49590-5,0,2
Versatile mission-critical task-force,松本 裕美子,5,2008,978-0-909807-85-6,0,2
Exclusive intermediate standardization,Taylor Alexander,4,1983,978-0-08-936039-4,2,1
Synchronized optimal knowledge user,加藤 聡太郎,8,1983,978-0-03-826767-5,2,1
Pre-emptive mission-critical Internet solution,David Salinas,3,1990,978-1-154-85840-2,1,1
Public-key contextually-based support,John Oliver,7,1988,978-1-4037-0256-2,1,1
Phased even-keeled capability,Sarah Ochoa,8,2006,978-1-241-91899-6,2,1
Reactive logistical framework,加藤 充,5,2014,978-0-579-73940-2,1,1
Face-to-face motivating software,Eric Smith,7,2023,978-1-288-90202-6,1,1
Sharable explicit model,田中 翔太,7,2014,978-1-238-40024-4,2,1
Public-key context-sensitive matrix,Jessica Henry,8,2007,978-1-4814-3977-0,1,1
Stand-alone multimedia emulation,Laura Holmes,4,2015,978-0-698-71479-3,1,1
Team-oriented non-volatile intranet,佐藤 七夏,4,1986,978-0-590-26534-8,0,2
Devolved clear-thinking encryption,Randall Bailey,4,1998,978-0-03-509080-1,1,1
Self-enabling content-based throughput,Charles Odonnell,8,2007,978-1-63897-307-2,2,1
Innovative stable Graphic Interface,田中 裕太,5,1994,978-0-13-097053-4,1,1
Total logistical artificial intelligence,青木 春香,2,1993,978-1-4459-1393-3,1,1
Grass-roots solution-oriented synergy,Sherry Ellison,7,1994,978-1-00-819179-2,0,2
Proactive holistic leverage,森 修平,3,2006,978-0-09-223720-1,0,2
Open-architected optimal architecture,中川 裕樹,2,1989,978-0-05-039572-1,1,1
Ergonomic directional framework,岡田 学,5,2010,978-0-521-69146-8,1,1
Open-source systematic knowledge user,Heidi Bernard,1,1990,978-1-356-75754-1,1,1
Down-sized incremental moratorium,Steven Campbell,5,2016,978-0-256-14146-7,1,1
Reduced holistic contingency,Zachary Mcdonald,2,1992,978-1-4878-2140-1,0,2
Ergonomic tertiary leverage,田中 直子,1,2013,978-1-9753-1695-2,0,2
Visionary human-resource attitude,Chad Zimmerman,8,2001,978-1-301-78646-6,0,2
Open-source leadingedge superstructure,長谷川 知実,5,2001,978-0-01-228020-1,0,2
Reverse-engineered mobile firmware,Ruben Hall,8,2008,978-0-556-80839-8,2,1
User-centric responsive frame,三浦 聡太郎,7,2011,978-1-69510-361-0,1,1
Organized client-driven task-force,遠藤 直樹,2,1988,978-0-671-52461-6,1,1
Cloned 4thgeneration interface,Joseph Bruce,6,2000,978-1-926361-08-6,2,1
Reactive needs-based knowledge user,渡辺 健一,6,1988,978-0-86162-771-4,0,2
Programmable logistical strategy,斉藤 充,6,1991,978-0-564-19600-5,1,1
Assimilated bottom-line circuit,佐藤 くみ子,8,2007,978-1-86030-591-7,0,2
Fundamental global knowledge user,Tristan Harrington,3,2014,978-1-79634-941-2,1,1
Monitored regional process improvement,Lindsay Mann,3,2020,978-0-537-35387-9,2,1
Integrated scalable encoding,伊藤 幹,3,2004,978-1-68505-904-0,2,1
Integrated uniform projection,伊藤 治,5,2023,978-0-243-07890-5,1,1
Multi-tiered needs-based knowledge user,井上 太郎,6,1983,978-0-937496-20-6,1,1
Organic system-worthy time-frame,Andrew Meyer,1,1984,978-0-523-08428-2,1,1
Expanded non-volatile core,Jerry Olson,8,2023,978-1-4435-8317-6,0,2
Ameliorated actuating website,石井 裕美子,2,1987,978-1-67010-668-1,0,2
Reactive encompassing methodology,山本 裕樹,8,1981,978-1-287-84346-7,2,1
Triple-buffered global flexibility,Jacob Duran,2,2007,978-1-377-96246-7,0,2
Business-focused optimizing frame,長谷川 英樹,1,1994,978-1-197-34986-8,1,1
Business-focused 24/7 superstructure,山崎 春香,6,2014,978-1-312-62909-7,2,1
Expanded attitude-oriented concept,長谷川 知実,2,2007,978-1-935420-88-0,2,1
Configurable local moratorium,Shelia Vaughn,7,2012,978-0-04-252895-3,2,1
Cloned mobile help-desk,佐藤 翼,3,2010,978-0-220-83970-3,0,2
Proactive hybrid implementation,高橋 智也,6,2005,978-0-635-42185-2,0,2
Ergonomic exuding hardware,Alicia Maldonado,6,2000,978-1-4567-0989-1,0,2
Vision-oriented regional intranet,Kathryn Potter,6,1990,978-1-83692-935-2,1,1
Polarized 5thgeneration portal,Nicholas Arellano,6,2016,978-1-887128-89-6,1,1
Ergonomic background encryption,Eric Hurst,6,2005,978-1-966221-59-3,2,1
Fully-configurable executive software,斉藤 幹,3,2000,978-0-7453-2582-8,1,1
Business-focused 6thgeneration core,山田 和也,1,1980,978-0-549-05486-3,1,1
Expanded composite projection,坂本 幹,5,2016,978-0-473-23679-3,2,1
Configurable disintermediate secured line,Dustin Sparks,3,2008,978-1-111-36409-0,1,1
Balanced systemic database,Mary Griffin,5,1997,978-0-410-22059-5,2,1
Inverse client-server Local Area Network,Shawn Wilson,7,2003,978-1-900436-89-2,2,1
Total modular knowledge user,山下 春香,7,1999,978-1-5258-7527-4,0,2
User-centric 3rdgeneration utilization,橋本 洋介,7,2021,978-0-396-92496-8,0,2
Open-architected discrete project,Jennifer Edwards,8,2016,978-1-4394-9206-2,2,1
Ergonomic high-level matrix,吉田 知実,3,2014,978-0-8072-8286-1,0,2
Reactive radical benchmark,Lawrence Valenzuela,8,1991,978-0-86999-349-1,1,1
Horizontal eco-centric system engine,鈴木 稔,4,1999,978-0-13-586026-7,1,1
Progressive analyzing standardization,Kari Kent,4,2013,978-0-905600-26-0,0,2
Re-engineered optimizing intranet,Bonnie Clark,6,1983,978-1-269-93336-0,2,1
Managed contextually-based challenge,Daniel Davis,8,2001,978-0-337-59657-5,2,1
Re-engineered methodical firmware,渡辺 陽子,1,2011,978-0-949132-60-4,2,1
Robust neutral help-desk,Jonathan Wright,7,1995,978-0-11-433331-7,0,2
Universal fault-tolerant model,井上 千代,2,1984,978-0-8119-3126-7,0,2
Profound directional focus group,Justin Williams,8,2004,978-0-356-60218-9,0,2
Business-focused executive application,鈴木 千代,1,1990,978-1-07-761489-5,1,1
Function-based zero-defect protocol,Vanessa Johnson,5,2019,978-1-4804-4595-6,2,1
Distributed modular process improvement,Patricia Lopez,1,1982,978-1-295-34941-8,0,2
Optional optimal open architecture,中村 陽子,2,1989,978-0-07-494312-0,0,2
Profound discrete ability,青木 亮介,3,1987,978-0-01-440029-4,0,2
Object-based dynamic model,Vanessa Ramos,3,1988,978-0-85128-863-5,0,2
Implemented optimal flexibility,小川 聡太郎,5,2018,978-0-247-56029-1,0,2
Implemented hybrid standardization,鈴木 美加子,4,2003,978-1-950451-90-6,0,2
Fundamental value-added monitoring,Robert Hill,5,2006,978-0-436-58031-4,0,2
Mandatory next generation middleware,伊藤 翼,4,2003,978-1-66734-555-0,2,1
Triple-buffered global hardware,John Spencer,8,1990,978-0-232-94649-9,1,1
Sharable grid-enabled definition,松本 太郎,3,1989,978-0-09-255264-9,1,1
Decentralized scalable toolset,Laura Burch,4,2006,978-0-310-04389-8,0,2
Persistent heuristic forecast,田中 零,8,2016,978-1-83465-812-4,0,2
Synchronized disintermediate core,Angela Williams,1,2002,978-0-663-91172-1,1,1
Optimized 6thgeneration data-warehouse,Robert Tran,7,1984,978-0-338-00103-0,1,1
Persistent dedicated complexity,山本 涼平,5,1984,978-1-03-091325-6,2,1
Front-line attitude-oriented ability,鈴木 美加子,6,2007,978-0-06-374767-8,0,2
Proactive background complexity,Hector Young,7,2023,978-0-277-51495-0,0,2
User-centric analyzing interface,斎藤 学,1,2021,978-1-55277-789-3,0,2
Switchable context-sensitive throughput,加藤 太一,1,2002,978-0-576-66554-4,1,1
Versatile foreground encoding,松本 春香,6,2020,978-1-385-85140-1,0,2
Distributed incremental Graphical User Interface,石川 裕美子,7,2005,978-1-5039-1598-5,1,1
Enterprise-wide responsive artificial intelligence,中村 春香,3,2010,978-0-7572-1347-2,1,1
Stand-alone uniform access,Paul Chen,5,2023,978-0-9964795-7-8,0,2
Horizontal analyzing adapter,Paul Flores,6,2022,978-0-05-224399-0,2,1
Persistent non-volatile structure,渡辺 美加子,1,2004,978-1-08-042903-5,2,1
Organic regional initiative,清水 英樹,4,1997,978-1-86215-171-0,2,1
Monitored responsive help-desk,藤田 加奈,8,1981,978-1-4132-2975-2,0,2
Adaptive empowering challenge,中島 幹,7,2003,978-0-00-855487-3,0,2
Cross-group systematic hardware,Ryan Sanders,3,1991,978-0-07-579299-4,0,2
Triple-buffered bifurcated system engine,Charles Singleton,8,1996,978-0-19-700411-1,0,2
Intuitive homogeneous moratorium,小林 拓真,1,1998,978-1-09-389668-8,2,1
Virtual 3rdgeneration matrix,Kelly Gomez,8,1999,978-1-190-03305-4,1,1
Fully-configurable web-enabled intranet,Brian Ward,6,2018,978-0-355-35670-0,1,1
Reduced discrete workforce,佐藤 結衣,6,2018,978-1-132-55186-8,1,1
Exclusive cohesive hierarchy,Terri Baker,5,1991,978-0-669-10078-5,1,1
Assimilated solution-oriented analyzer,伊藤 桃子,1,2016,978-1-81175-137-4,0,2
Persistent foreground neural-net,Marvin Harrison,2,1988,978-1-188-71925-0,2,1
Monitored uniform infrastructure,Felicia Ramirez,8,2021,978-1-950109-88-3,2,1
Ameliorated uniform project,Catherine Nichols,6,1995,978-1-301-70451-4,1,1
Horizontal object-oriented intranet,Anthony Wilson,3,2020,978-1-307-39453-5,1,1
Team-oriented fresh-thinking open architecture,渡辺 洋介,5,2002,978-1-4736-8828-5,1,1
Programmable motivating knowledgebase,山崎 舞,7,2002,978-1-145-69527-6,2,1
Visionary mission-critical leverage,山口 さゆり,6,1989,978-1-69519-753-4,2,1
Programmable web-enabled emulation,佐藤 翔太,3,1992,978-1-4274-2159-3,2,1
Customizable grid-enabled synergy,三浦 千代,1,1995,978-1-989523-52-0,1,1
Re-engineered high-level flexibility,田中 晃,4,2020,978-1-69231-106-3,2,1
Multi-channeled contextually-based help-desk,木村 亮介,1,2003,978-1-118-79984-0,0,2
Up-sized real-time secured line,Michael Lopez,8,1998,978-0-17-596294-5,2,1
Up-sized solution-oriented superstructure,小林 裕樹,8,2003,978-1-82904-214-3,1,1
Polarized incremental pricing structure,加藤 直樹,8,1984,978-0-526-21131-9,1,1
Innovative transitional benchmark,Ashley Young,6,1993,978-0-933223-13-4,1,1
Extended optimizing open architecture,井上 桃子,2,2020,978-1-342-42475-4,0,2
Decentralized well-modulated productivity,Andrea Greer,1,1994,978-0-00-675848-8,1,1
Networked secondary leverage,Lindsay Blevins MD,2,1998,978-0-15-875861-9,2,1
Self-enabling multi-state intranet,田中 翼,6,1993,978-1-928888-08-6,2,1
Organized transitional success,Cameron Bennett,8,2007,978-0-07-116212-8,1,1
Total 24/7 contingency,加藤 花子,6,2003,978-1-5131-1479-8,2,1
Organized didactic leverage,Kristin Warren,8,2006,978-0-7427-3624-5,0,2
Monitored intangible website,Michael Phillips,7,1985,978-0-9550353-1-9,2,1
Realigned content-based concept,Douglas Ross,4,1991,978-0-609-85060-2,0,2
Innovative dynamic structure,松田 直人,1,1995,978-1-09-999691-7,1,1
Front-line national instruction set,高橋 洋介,1,2012,978-1-960767-49-3,1,1
Universal 24/7 capability,Mark Graham,8,1980,978-0-426-35932-6,1,1
Reduced fresh-thinking open system,加藤 智也,2,2015,978-1-68197-478-1,0,2
Networked systemic conglomeration,岡田 陽一,7,1998,978-0-88003-850-8,1,1
Monitored multi-state neural-net,Nancy Combs,6,1992,978-1-346-73205-3,1,1
Innovative bandwidth-monitored methodology,斎藤 修平,8,2008,978-1-5160-8997-0,2,1
Distributed 4thgeneration interface,Peter Wright,5,1987,978-0-7588-8436-7,0,2
User-centric multi-state firmware,Emily Taylor,1,1986,978-0-470-57458-4,1,1
Cross-group high-level task-force,Phillip Leon,1,1982,978-0-19-730881-3,1,1
Visionary optimal approach,中島 七夏,4,2013,978-1-256-98011-7,2,1
Cross-group zero tolerance moderator,田中 七夏,8,1994,978-1-928728-72-6,2,1
Enterprise-wide full-range protocol,井上 春香,3,2006,978-1-69748-088-7,0,2
Realigned interactive open system,林 和也,5,1996,978-1-136-08983-1,2,1
Open-source demand-driven hardware,藤田 七夏,8,2016,978-0-9772690-8-2,0,2
Automated composite parallelism,鈴木 花子,6,1980,978-0-01-217049-6,0,2
Decentralized next generation interface,Shannon Harris,7,2001,978-0-462-31517-1,0,2
Cloned zero administration migration,田中 聡太郎,4,1999,978-1-373-96782-4,0,2
Multi-layered well-modulated data-warehouse,井上 あすか,6,1993,978-0-548-83699-6,0,2
Sharable value-added secured line,Lisa Cobb,8,1983,978-0-342-80117-6,0,2
Up-sized analyzing database,Gabrielle Zavala,4,2000,978-1-212-58700-8,0,2
De-engineered human-resource architecture,Robert Williams,3,2006,978-0-922454-32-7,2,1
Vision-oriented even-keeled application,Michael Cole,1,1992,978-1-167-05987-2,1,1
Customizable client-server moderator,Brittany Carlson,7,1987,978-1-80415-695-7,2,1
Monitored solution-oriented collaboration,William Rivers,7,2020,978-0-276-71409-2,2,1
Networked attitude-oriented customer loyalty,Jeremy Chavez,8,1999,978-1-321-59479-9,0,2
Ameliorated contextually-based utilization,Mark Barrett,6,1994,978-1-187-27218-3,2,1
Reverse-engineered background archive,Shannon Owen,1,2011,978-1-173-49914-3,0,2
Compatible bifurcated attitude,Mary Spencer,1,1981,978-0-244-52962-8,0,2
Reverse-engineered executive Internet solution,後藤 太郎,4,2000,978-0-00-227063-2,2,1
Robust upward-trending orchestration,村上 聡太郎,4,1991,978-0-8281-5254-9,1,1
Mandatory full-range access,Jose Carter,4,2011,978-0-433-14227-0,1,1
Centralized analyzing approach,Lisa Gonzalez,3,2023,978-0-8498-1349-8,1,1
Grass-roots tangible approach,吉田 修平,6,1982,978-0-661-09930-8,1,1
Phased fresh-thinking flexibility,Heather Singh,3,2002,978-0-220-69681-8,1,1
Seamless intangible definition,Javier Green,7,1984,978-1-309-90267-7,0,2
Virtual client-driven infrastructure,鈴木 零,1,1984,978-1-72273-497-8,1,1
Intuitive system-worthy productivity,佐藤 真綾,2,1987,978-1-147-44516-9,0,2
Fundamental modular standardization,中島 聡太郎,4,1988,978-0-945275-19-0,2,1
Persevering next generation encoding,阿部 修平,4,2002,978-0-7847-2920-5,1,1
Pre-emptive dedicated infrastructure,Courtney Jackson,8,1983,978-1-57853-881-2,0,2
Face-to-face object-oriented software,Edward Crawford,7,1988,978-0-88664-127-6,1,1
Enterprise-wide user-facing open architecture,山本 晃,4,1987,978-0-452-11879-9,0,2
Ameliorated discrete attitude,橋本 拓真,6,2010,978-1-65008-937-9,2,1
Secured local open system,山本 康弘,2,1992,978-1-4923-4702-6,1,1
Reverse-engineered demand-driven analyzer,Frank Wall,4,1997,978-0-8198-4207-7,0,2
Enterprise-wide uniform success,田中 香織,1,1984,978-0-298-59510-5,0,2
Vision-oriented actuating task-force,佐々木 和也,5,1992,978-0-589-52783-9,1,1
Assimilated global Internet solution,吉田 健一,4,1998,978-1-55903-234-6,0,2
Organic client-driven application,佐々木 さゆり,5,2009,978-1-72145-173-9,1,1
Total 4thgeneration moratorium,Brooke Reid,5,2005,978-0-04-944118-7,2,1
Cloned system-worthy strategy,加藤 翼,8,1998,978-1-222-39016-2,2,1
Balanced uniform flexibility,太田 直子,1,1993,978-1-82497-122-6,1,1
Polarized real-time adapter,Jennifer Peters,2,2011,978-1-894114-00-4,1,1
Ameliorated bi-directional definition,佐々木 真綾,8,2009,978-0-87826-581-7,2,1
Devolved stable support,田中 太一,5,1994,978-0-16-139487-3,2,1
Re-contextualized neutral middleware,Tara Jimenez,8,2003,978-1-282-72925-4,0,2
Reverse-engineered bifurcated matrices,長谷川 裕太,6,1998,978-1-257-69796-0,1,1
Stand-alone reciprocal customer loyalty,Jennifer Koch,3,2004,978-0-544-57984-2,0,2
Upgradable responsive website,中村 健一,5,2010,978-1-5217-6926-3,2,1
Multi-layered asynchronous open system,Ariana Walls,8,1981,978-1-57535-642-6,2,1
Team-oriented scalable analyzer,福田 和也,3,2022,978-1-183-00789-5,0,2
Seamless bi-directional moderator,Molly Jordan,7,2019,978-1-84483-092-3,0,2
Expanded clear-thinking infrastructure,Michele Nicholson,1,1984,978-0-665-96023-9,0,2
Streamlined empowering alliance,Laura Anderson,3,1998,978-0-11-165954-0,2,1
Re-engineered bifurcated moratorium,Stephanie Mayo,8,2005,978-1-242-32055-2,0,2
Total full-range archive,佐藤 結衣,4,2010,978-0-552-84498-7,1,1
Synergized analyzing intranet,Barbara Tran,4,1998,978-0-03-798547-1,0,2
Function-based contextually-based conglomeration,山田 美加子,2,2002,978-0-446-23141-1,2,1
Front-line client-driven Graphical User Interface,清水 裕樹,1,1998,978-0-88153-941-7,0,2
Synchronized exuding initiative,小林 修平,8,2016,978-1-03-288161-4,1,1
Devolved demand-driven superstructure,橋本 直子,3,2022,978-1-236-71099-4,1,1
Realigned upward-trending challenge,中村 亮介,7,2009,978-1-9847-0272-2,2,1
Multi-tiered human-resource open architecture,Elaine Carter,7,1986,978-1-325-80775-8,2,1
Customer-focused multi-state collaboration,長谷川 桃子,3,1989,978-0-389-69924-8,0,2
Focused context-sensitive forecast,Kelly Pennington,5,2008,978-1-4405-8943-0,0,2
Innovative static website,山田 涼平,1,2013,978-0-10-756388-2,1,1
Distributed 24hour leverage,田中 翔太,5,1997,978-1-4525-0238-0,0,2
Adaptive 6thgeneration Local Area Network,Philip Bradley,4,2009,978-0-06-387624-8,0,2
Horizontal dedicated matrices,清水 あすか,7,1988,978-0-303-06353-7,1,1
Streamlined next generation firmware,太田 洋介,3,1982,978-1-321-46764-2,1,1
Synchronized heuristic instruction set,中川 英樹,7,1997,978-0-581-98058-8,2,1
Configurable actuating secured line,Justin Glass,8,2006,978-0-08-505637-6,2,1
Cloned actuating contingency,Katie Moran,7,2000,978-1-07-962248-5,0,2
Pre-emptive asymmetric budgetary management,Timothy Martin,6,1995,978-0-535-95228-9,1,1
Adaptive secondary emulation,佐藤 直樹,1,1983,978-1-342-14727-1,0,2
Function-based zero administration collaboration,松本 晃,8,2018,978-0-285-28886-7,0,2
Open-source fault-tolerant function,Dennis Harper,2,2001,978-0-653-98081-2,2,1
Centralized disintermediate project,前田 真綾,6,2011,978-1-58579-179-8,1,1
Enhanced context-sensitive conglomeration,池田 真綾,6,2000,978-0-370-88696-1,2,1
Persistent dynamic open system,山口 零,4,1987,978-1-00-144241-9,0,2
Virtual systematic open architecture,Ashley Crawford,6,2000,978-0-433-54311-4,2,1
Face-to-face eco-centric service-desk,井上 千代,3,2021,978-1-85045-996-5,1,1
Organic actuating focus group,佐藤 涼平,1,1999,978-0-7288-1217-8,0,2
Future-proofed incremental circuit,Dominique Francis,4,1993,978-0-285-21119-3,0,2
Cloned leadingedge complexity,Jeffery Lopez,3,2010,978-1-55110-619-9,0,2
Programmable multi-tasking throughput,佐藤 亮介,8,2005,978-1-971920-91-7,2,1
Programmable interactive moderator,Mario Sweeney,8,2012,978-0-7508-4903-6,1,1
Pre-emptive real-time application,Sarah Lewis,6,2019,978-0-365-08436-5,2,1
Ergonomic optimizing focus group,田中 聡太郎,4,2022,978-0-01-311977-7,1,1
Organic optimal capability,Carly Cameron,5,1984,978-1-82680-303-7,2,1
Vision-oriented next generation methodology,Angelica Garcia,7,2000,978-1-301-04597-6,1,1
Seamless clear-thinking algorithm,佐藤 真綾,5,2021,978-1-897166-95-6,0,2
Open-architected holistic service-desk,伊藤 浩,7,2016,978-1-212-98342-8,0,2
Secured explicit protocol,Stephanie Peterson,6,2011,978-0-264-39325-4,2,1
De-engineered fresh-thinking product,伊藤 涼平,3,1996,978-0-439-23534-1,0,2
Diverse human-resource info-mediaries,池田 翔太,8,2005,978-0-8338-4016-5,2,1
Team-oriented client-server array,藤原 さゆり,3,1989,978-1-286-41682-2,2,1
Polarized intangible synergy,中川 稔,7,1983,978-0-06-948150-7,1,1
Innovative object-oriented challenge,Sara Smith DDS,2,2001,978-1-00-278918-6,0,2
Face-to-face local parallelism,Jennifer Harris,7,1991,978-0-10-086348-4,2,1
Realigned foreground protocol,三浦 稔,4,2012,978-1-71342-173-3,2,1
Devolved mission-critical info-mediaries,Matthew Griffin,4,1983,978-0-432-63944-3,2,1
Innovative mission-critical forecast,岡田 花子,1,2013,978-1-361-14142-7,1,1
Future-proofed analyzing hub,山崎 里佳,6,2005,978-0-639-46735-1,1,1
Down-sized homogeneous implementation,鈴木 裕太,7,2022,978-1-62293-137-8,2,1
Universal context-sensitive framework,小林 里佳,2,1992,978-0-267-07904-9,1,1
Extended bottom-line algorithm,Michelle Austin,7,1992,978-1-4018-1712-1,0,2
Open-architected directional artificial intelligence,高橋 あすか,1,1995,978-0-600-10308-0,0,2
Digitized zero-defect synergy,小林 舞,6,2014,978-1-63352-449-1,1,1
Diverse asymmetric hierarchy,Jessica Oconnor,1,1986,978-0-488-69766-4,0,2
Re-engineered didactic toolset,山下 晃,1,1989,978-0-309-25441-0,0,2
Streamlined next generation superstructure,中島 英樹,6,1983,978-0-490-59876-8,0,2
Horizontal hybrid adapter,Jennifer Johnston,4,1988,978-0-278-14878-9,2,1
Operative tertiary synergy,Beth Mann,8,2003,978-1-03-450868-7,0,2
Upgradable dynamic success,Heidi Santiago,1,2007,978-1-4214-9098-4,1,1
Visionary needs-based monitoring,藤原 稔,6,2010,978-1-4934-2950-9,0,2
Seamless cohesive software,Deborah Beltran,8,1997,978-1-66429-672-5,0,2
Future-proofed attitude-oriented contingency,佐藤 洋介,3,2011,978-0-87262-315-6,2,1
Fully-configurable web-enabled middleware,Manuel Stevens,5,2023,978-1-84706-201-7,0,2
Object-based dedicated info-mediaries,中村 裕美子,5,1983,978-1-5358-1037-1,2,1
Programmable encompassing knowledgebase,加藤 康弘,6,2005,978-1-84727-482-3,2,1
Right-sized explicit challenge,Sheila Green,8,2011,978-0-259-96128-4,0,2
Integrated maximized groupware,William Wilcox,8,2005,978-1-5032-8723-5,1,1
Customizable homogeneous superstructure,斎藤 知実,7,2019,978-0-7038-8932-4,1,1
Horizontal methodical open architecture,佐藤 洋介,1,1986,978-0-7647-8339-5,0,2
De-engineered composite pricing structure,加藤 陽子,6,2005,978-0-15-510108-1,1,1
Seamless methodical moderator,吉田 京助,7,1986,978-1-74575-095-5,1,1
Profound scalable firmware,高橋 幹,2,1993,978-0-390-27720-6,0,2
User-friendly 24/7 middleware,Tina Rice,2,2000,978-0-915177-62-2,1,1
Extended disintermediate migration,Amanda Estrada,6,1993,978-1-55997-065-5,1,1
Triple-buffered well-modulated policy,Lisa Johnston,6,2000,978-0-04-008531-1,1,1
Open-source 4thgeneration projection,Laura Burnett,1,2019,978-1-4541-5463-1,0,2
Diverse encompassing model,斎藤 春香,8,1980,978-1-906643-96-6,0,2
Enhanced 4thgeneration interface,Charles Noble,6,1995,978-0-9903122-4-6,0,2
Optional dedicated encoding,鈴木 里佳,4,2013,978-1-4196-6209-6,1,1
Monitored homogeneous product,渡辺 直樹,2,2011,978-0-8414-5790-4,0,2
Innovative composite synergy,佐藤 裕樹,1,1993,978-1-210-73845-7,2,1
Extended real-time benchmark,藤田 千代,8,1983,978-1-4593-0816-9,1,1
Ameliorated national utilization,Paul Ward,7,2004,978-1-5362-9275-6,0,2
Upgradable optimal knowledgebase,中島 英樹,2,2022,978-1-105-17066-9,1,1
Operative secondary approach,高橋 香織,8,2019,978-0-305-69211-7,2,1
Universal clear-thinking groupware,山本 幹,4,2015,978-0-553-07332-4,2,1
Intuitive optimal help-desk,Dawn Sherman,8,1998,978-0-506-03593-5,1,1
Integrated next generation hierarchy,松本 春香,8,2015,978-0-17-083843-6,0,2
Synergistic homogeneous neural-net,井上 くみ子,7,2010,978-1-85330-176-6,2,1
Reverse-engineered human-resource hub,Autumn Lee,5,2013,978-1-117-62753-3,0,2
Extended user-facing algorithm,Mark Alvarado,5,1988,978-0-214-88970-7,2,1
Extended upward-trending protocol,佐藤 京助,5,2022,978-0-03-280493-7,2,1
Optional content-based Graphical User Interface,池田 千代,4,1994,978-1-5349-3006-3,1,1
Team-oriented multi-state concept,山田 直人,6,1981,978-0-629-14787-4,2,1
Automated impactful open architecture,Randall Bowman,1,2012,978-1-5342-9578-0,0,2
Extended neutral parallelism,Danielle Quinn,4,1988,978-0-00-240963-6,0,2
Persistent coherent monitoring,Tyler Scott,1,1987,978-1-225-80857-2,1,1
Networked 24hour encoding,松田 晃,8,2006,978-1-63655-913-1,1,1
Profound logistical portal,Melinda Avila,3,2015,978-0-17-924821-2,2,1
Pre-emptive radical knowledge user,佐藤 七夏,5,2007,978-1-85065-401-8,1,1
Mandatory heuristic leverage,山本 直子,3,2020,978-0-08-498660-5,2,1
Cloned systematic protocol,Michele Smith,2,2010,978-1-301-17349-5,1,1
Organic tertiary array,吉田 充,2,1993,978-1-59788-793-9,1,1
Open-source intermediate matrices,田中 陽子,6,1986,978-0-932035-66-0,0,2
Assimilated upward-trending solution,橋本 和也,7,2011,978-1-111-34204-3,1,1
Multi-channeled cohesive structure,Anthony Edwards,1,1992,978-1-182-66888-2,0,2
Progressive foreground Graphic Interface,James Chapman,1,1981,978-0-8325-1558-3,1,1
Streamlined multi-tasking open architecture,Jacob Jackson,4,2017,978-1-939505-31-6,2,1
Synergistic intermediate installation,木村 明美,8,2004,978-0-379-08716-1,2,1
Horizontal scalable complexity,Joshua Collins,6,2020,978-1-210-63622-7,2,1
Networked encompassing matrix,Jordan Collins,3,2010,978-1-84947-281-4,2,1
Multi-lateral contextually-based standardization,鈴木 くみ子,5,2007,978-0-14-864380-2,1,1
Reverse-engineered web-enabled access,伊藤 太郎,1,2006,978-1-03-915918-1,1,1
Operative regional emulation,Julie Boyd,7,2022,978-1-362-10656-2,1,1
Pre-emptive context-sensitive methodology,山本 智也,4,2010,978-0-424-67574-9,2,1
Universal multi-state task-force,青木 陽一,5,1993,978-0-7708-2581-2,2,1
Virtual asynchronous methodology,吉田 七夏,8,2012,978-0-18-020169-5,2,1
Public-key leadingedge capacity,Danielle Allen,4,1989,978-1-328-07735-6,0,2
Synergized dynamic hierarchy,田中 春香,7,2017,978-0-04-266068-4,1,1
Diverse global core,James Williams,7,2009,978-1-86113-945-0,2,1
Multi-channeled incremental capability,小林 治,8,2018,978-0-09-560874-9,1,1
Re-engineered value-added migration,坂本 結衣,3,2003,978-0-03-758632-6,0,2
User-centric upward-trending project,太田 直人,6,1981,978-1-58870-587-7,0,2
Stand-alone bi-directional superstructure,Bryan Thomas,6,1989,978-1-81680-224-8,0,2
Team-oriented intangible customer loyalty,伊藤 治,3,1988,978-1-83676-130-3,1,1
De-engineered 6thgeneration core,松本 美加子,3,1997,978-1-06-210931-3,1,1
Networked even-keeled alliance,後藤 舞,6,1984,978-1-890390-33-4,1,1
Optional bottom-line emulation,岡田 裕美子,1,1993,978-0-9513322-0-7,2,1
Realigned global knowledge user,鈴木 直子,2,2008,978-0-7674-7947-9,0,2
Pre-emptive homogeneous ability,小林 淳,2,1986,978-0-635-38355-6,0,2
Expanded maximized function,高橋 太一,4,2018,978-1-938954-76-4,1,1
Multi-layered tangible Internet solution,伊藤 千代,2,1995,978-0-223-73795-2,2,1
Organized global hierarchy,Dr. Tammy Cox,4,2010,978-0-273-89081-2,0,2
Robust full-range matrices,Joel Ramos,8,2022,978-0-479-58057-9,2,1
Implemented attitude-oriented parallelism,Jennifer Guzman,3,1991,978-1-995884-72-1,2,1
Expanded client-server initiative,小林 京助,1,1997,978-1-186-73881-9,0,2
Networked upward-trending architecture,Kenneth Le,2,1998,978-1-283-62946-1,1,1
Business-focused actuating product,Amanda Anderson,4,1991,978-1-69308-878-0,1,1
Balanced methodical info-mediaries,Carlos Carpenter,6,1991,978-0-219-09933-0,1,1
Horizontal holistic strategy,Penny Simmons,6,2005,978-0-12-980430-7,2,1
Networked neutral artificial intelligence,後藤 舞,7,2015,978-0-248-31067-3,2,1
User-centric cohesive workforce,山下 陽子,2,2001,978-1-276-30858-8,0,2
Team-oriented systematic monitoring,Dustin Newman,5,2010,978-1-77431-850-8,1,1
Operative foreground orchestration,Lisa Davis,5,1984,978-1-4004-1640-0,1,1
Switchable clear-thinking parallelism,伊藤 舞,7,1997,978-1-77067-932-0,0,2
Multi-tiered bifurcated matrix,佐藤 さゆり,8,1990,978-1-4237-0879-7,2,1
Ergonomic maximized moratorium,Anthony Spears,4,1980,978-1-911578-08-6,0,2
Upgradable asynchronous initiative,Matthew Johnson,4,2002,978-1-57150-131-8,2,1
Open-architected discrete customer loyalty,Maureen Mccarty,3,2002,978-1-65110-800-0,1,1
Profit-focused multimedia strategy,James Jackson Jr.,5,1996,978-0-7317-8401-1,0,2
De-engineered composite definition,Sherri Campbell,8,1995,978-0-614-27465-3,0,2
Switchable tangible open system,Sarah Garza,3,1983,978-0-07-029584-1,2,1
Open-source responsive firmware,Tiffany Matthews,6,2018,978-1-163-24574-3,1,1
Cloned hybrid data-warehouse,加藤 陽子,7,1991,978-0-7160-8607-9,0,2
Object-based 6thgeneration interface,Richard Wood,4,1983,978-1-915417-75-6,2,1
Operative reciprocal access,Marie Garza,3,1985,978-0-906582-00-8,1,1
Centralized solution-oriented utilization,山田 陽一,3,2005,978-0-7629-9100-6,2,1
Persevering multi-state challenge,Karen Fisher,3,2011,978-1-70666-623-3,1,1
Synergized coherent process improvement,青木 英樹,7,2009,978-0-664-05674-2,1,1
Programmable secondary structure,Rhonda Fleming,3,2003,978-0-661-23175-3,1,1
Phased stable contingency,Sean Richardson,3,1985,978-1-79883-955-3,2,1
Expanded intangible artificial intelligence,Lisa Garner,1,2020,978-0-497-68573-7,2,1
Expanded disintermediate attitude,Kevin Martin,3,2018,978-0-11-211540-3,0,2
Reverse-engineered 5thgeneration pricing structure,岡本 和也,4,2005,978-1-202-60373-2,2,1
Up-sized 3rdgeneration synergy,Adam Phillips,4,1981,978-1-969574-73-3,2,1
Self-enabling optimal matrices,石井 陽子,8,2021,978-1-5237-7432-6,2,1
Customizable demand-driven encoding,山本 花子,8,2009,978-0-526-26069-0,1,1
Cross-platform well-modulated collaboration,Ann Rose,2,1986,978-0-14-797770-0,0,2
Digitized attitude-oriented portal,鈴木 康弘,4,2006,978-0-08-214365-9,1,1
Switchable homogeneous paradigm,田中 陽子,4,2013,978-1-56577-572-5,1,1
Re-contextualized maximized archive,渡辺 直人,2,2018,978-0-7089-3726-6,0,2
Adaptive hybrid synergy,小林 智也,2,2022,978-0-442-44282-8,1,1
Compatible methodical intranet,Whitney Anderson,2,1986,978-1-59754-006-3,2,1
Enhanced homogeneous encryption,佐藤 あすか,5,1999,978-1-03-570414-9,2,1
Re-engineered intangible focus group,中村 太郎,4,1989,978-1-333-11446-6,1,1
Universal explicit archive,鈴木 直子,6,2004,978-0-546-15064-3,1,1
User-friendly fault-tolerant budgetary management,渡辺 幹,3,2005,978-0-646-36704-0,1,1
Streamlined well-modulated capability,松田 治,1,2003,978-0-414-87960-7,2,1
Down-sized client-driven monitoring,中村 治,1,1989,978-0-8219-4602-2,1,1
Upgradable high-level portal,Victoria Le,6,2013,978-1-126-46722-9,2,1
Business-focused 3rdgeneration functionalities,Kimberly Perez,7,1995,978-1-59893-052-8,0,2
Self-enabling regional emulation,Kelly Ferrell,7,2002,978-1-253-58284-0,1,1
User-centric optimizing challenge,Kathleen Thornton,8,2010,978-1-77844-019-9,0,2
Synergistic homogeneous data-warehouse,松本 花子,6,1981,978-1-67362-546-2,1,1
Secured dedicated database,村上 裕樹,3,1985,978-0-00-832028-7,0,2
Open-architected encompassing encryption,伊藤 裕美子,1,2019,978-0-664-94346-2,2,1
Multi-layered attitude-oriented matrices,加藤 翔太,6,2022,978-0-917206-96-2,0,2
Versatile foreground database,Tommy Watson,5,1985,978-0-675-07609-8,0,2
Organic heuristic secured line,Sean Wright,4,1992,978-0-9611499-7-0,0,2
Public-key fresh-thinking solution,山本 裕美子,7,2004,978-0-230-18818-1,0,2
Mandatory high-level model,Diana Little,2,2021,978-1-118-88956-5,0,2
Total transitional secured line,Zachary Turner,3,2016,978-1-86239-726-2,2,1
User-centric stable attitude,山崎 治,7,2023,978-0-00-539626-1,2,1
Synergized hybrid moderator,Sonia Jones,3,1986,978-0-654-01323-6,0,2
Customizable 5thgeneration throughput,遠藤 稔,7,1983,978-1-913392-61-1,0,2
Cross-group asynchronous installation,松本 健一,2,2011,978-1-75151-020-8,2,1
Ergonomic solution-oriented help-desk,Benjamin Carr,6,2001,978-1-4340-9114-7,0,2
Phased intangible hub,中村 幹,7,1983,978-1-4125-5320-9,1,1
Front-line well-modulated infrastructure,佐々木 智也,5,1989,978-0-86292-092-0,1,1
Robust national database,山田 くみ子,1,1989,978-0-7407-3613-1,2,1
Operative 3rdgeneration system engine,青木 七夏,8,1985,978-0-9973199-0-3,1,1
De-engineered homogeneous artificial intelligence,田中 陽子,4,2006,978-0-300-34841-5,2,1
Operative methodical matrix,Christopher Sanders,8,1984,978-0-458-58538-0,0,2
Virtual tangible database,Austin Valentine,6,1982,978-0-484-70529-5,2,1
Vision-oriented fresh-thinking monitoring,小川 直子,6,2013,978-1-4691-0864-3,1,1
Front-line foreground intranet,Kenneth Stewart,6,2007,978-1-946112-26-2,1,1
Multi-layered foreground core,Janet Frazier,4,2011,978-1-4589-5586-9,0,2
Extended exuding hierarchy,佐々木 裕太,8,2007,978-0-395-95925-1,1,1
Synchronized zero-defect parallelism,Michael Hardy,6,1989,978-0-583-83381-3,1,1
Visionary static monitoring,長谷川 直樹,5,2023,978-0-89489-346-9,0,2
Automated object-oriented instruction set,Daniel Mcfarland,7,2005,978-0-9521606-9-4,1,1
Organic context-sensitive moratorium,Charles Rodgers,6,2001,978-0-87379-804-4,2,1
Vision-oriented user-facing ability,Jeremy Rivera,5,2008,978-1-163-43176-4,2,1
Progressive modular knowledge user,Thomas Peterson,8,1980,978-1-77603-634-9,1,1
Programmable next generation neural-net,鈴木 桃子,1,1988,978-1-02-779439-4,0,2
Operative mission-critical focus group,Andrew Johnson,3,2009,978-1-02-768797-9,0,2
Horizontal bifurcated function,Cody Hanson,8,1991,978-1-915811-96-7,1,1
Managed background flexibility,Jim Perkins Jr.,3,2015,978-0-12-700464-8,2,1
De-engineered analyzing support,高橋 裕美子,7,2001,978-1-00-897230-8,2,1
Open-source logistical parallelism,山崎 真綾,3,2001,978-1-892603-99-9,0,2
Programmable exuding benchmark,清水 花子,3,2016,978-0-00-500788-4,2,1
Versatile 3rdgeneration hub,David Castro,4,1998,978-0-912158-72-3,1,1
Diverse eco-centric product,後藤 英樹,8,1982,978-1-4879-7947-8,2,1
Persistent non-volatile Graphic Interface,Scott White,2,2021,978-0-415-99195-7,2,1
Implemented clear-thinking encoding,鈴木 晃,4,2015,978-1-178-46327-9,1,1
Exclusive executive parallelism,Jason Brown,6,1980,978-1-126-45598-1,1,1
Up-sized real-time firmware,Jessica Travis,2,1996,978-0-9629437-5-1,0,2
Multi-tiered logistical time-frame,加藤 零,2,1989,978-1-86562-984-1,1,1
Synergistic high-level frame,後藤 幹,5,2003,978-1-75513-365-6,1,1
Enterprise-wide cohesive productivity,Crystal Scott,4,2017,978-1-59274-618-7,0,2
Synergized intermediate solution,Larry Owen,1,1984,978-1-328-37814-9,1,1
Multi-tiered upward-trending open system,佐藤 翼,8,2010,978-0-9696758-9-1,2,1
Stand-alone needs-based structure,Ryan Martin,4,1985,978-1-938117-02-2,1,1
Advanced intangible framework,石井 京助,8,2005,978-1-74042-606-0,1,1
Re-engineered multi-tasking attitude,David Johnson,6,2018,978-1-70886-654-9,1,1
Grass-roots attitude-oriented infrastructure,Johnathan Foley,2,2014,978-0-440-78413-5,1,1
