title,author,genre,publication_year,isbn,stock,lending_status,registration_date
Robust responsive analyzer,Rodney White,4,1997,978-0-7810-2851-6,1,1,2023-08-26
Managed 3rdgeneration hierarchy,Joseph Smith,4,2018,978-0-06-398857-6,0,2,2023-06-01
Secured executive focus group,Gary Marsh,6,2012,978-0-698-18929-4,2,1,2023-09-12
Extended empowering alliance,山本 陽子,2,2014,978-0-8329-6608-8,1,1,2023-08-24
Synchronized didactic firmware,Daniel Kelley,3,2003,978-1-63100-146-8,2,1,2023-07-13
Front-line responsive algorithm,Steven Rice,6,2000,978-1-85000-381-6,2,1,2023-08-28
Ameliorated user-facing portal,中村 千代,3,1985,978-0-7107-6909-1,2,1,2023-10-10
Expanded static productivity,藤田 春香,6,1980,978-0-00-303669-5,0,2,2023-07-29
Extended background Graphical User Interface,Samantha Jones,3,2000,978-1-180-13174-6,0,2,2023-09-14
Monitored 3rdgeneration toolset,坂本 花子,6,2003,978-0-354-19559-1,0,2,2023-09-13
Team-oriented object-oriented matrix,John Knox,6,1980,978-0-05-329856-2,1,1,2023-08-22
Pre-emptive reciprocal moderator,阿部 くみ子,8,2012,978-0-8367-9855-5,1,1,2023-05-25
Managed scalable architecture,Nicholas Simpson,4,2009,978-1-378-48462-3,2,1,2023-06-06
Sharable non-volatile paradigm,Eric Moore,6,2005,978-1-969277-09-2,1,1,2023-05-26
Team-oriented hybrid website,吉田 直樹,2,1981,978-1-83509-113-5,1,1,2023-09-07
Configurable discrete customer loyalty,松本 くみ子,1,2015,978-1-82674-257-2,2,1,2023-05-29
Switchable modular projection,Ashley Cunningham,6,2001,978-1-132-23940-7,2,1,2023-11-17
Re-engineered web-enabled application,岡本 舞,2,2017,978-1-324-72549-7,1,1,2023-07-03
Programmable tertiary concept,山崎 くみ子,1,1991,978-0-8447-6815-1,2,1,2023-07-16
Digitized actuating info-mediaries,Grant Adams,2,1981,978-1-216-76784-0,2,1,2023-08-26
Open-architected background hardware,John Fernandez,1,2001,978-0-18-891632-4,1,1,2023-06-28
Fundamental well-modulated Graphic Interface,Patricia Adkins DVM,3,1986,978-1-80801-053-8,0,2,2023-10-31
Stand-alone tangible neural-net,Joseph Ware,4,1990,978-1-4828-4743-7,1,1,2023-07-13
Persistent uniform success,小川 くみ子,2,1994,978-0-918669-93-3,1,1,2023-09-23
Optional client-driven functionalities,Brent Garza,8,1981,978-1-9777-3121-0,1,1,2023-09-24
Assimilated fresh-thinking forecast,Maria Phillips,4,1992,978-0-447-45140-5,1,1,2023-08-21
Triple-buffered maximized groupware,Willie Campbell,3,2003,978-0-936983-92-9,1,1,2023-10-14
Multi-tiered zero tolerance application,Johnathan Oconnell,5,2020,978-1-4347-7206-0,1,1,2023-06-08
Cloned hybrid circuit,橋本 桃子,2,1981,978-0-278-98620-6,2,1,2023-09-06
Synergistic systematic website,清水 太郎,3,2008,978-1-899554-81-2,2,1,2023-07-10
Customer-focused transitional secured line,Richard Williams,5,2022,978-1-55656-547-2,1,1,2023-10-11
Ameliorated full-range data-warehouse,Tammy Nelson,4,1984,978-1-78460-470-7,2,1,2023-10-11
Enhanced fault-tolerant core,山崎 くみ子,5,1990,978-0-8456-4036-4,0,2,2023-10-28
Managed multi-tasking matrix,福田 拓真,2,2021,978-1-929128-54-9,1,1,2023-05-31
Quality-focused regional analyzer,高橋 香織,5,2010,978-1-03-604392-6,2,1,2023-09-22
User-centric secondary productivity,後藤 香織,5,2010,978-0-7238-2704-7,0,2,2023-05-28
Monitored interactive data-warehouse,近藤 あすか,8,1988,978-0-87467-037-0,2,1,2023-06-24
Enterprise-wide user-facing adapter,Scott Jackson,7,2004,978-1-63414-762-0,1,1,2023-10-11
Re-engineered interactive array,遠藤 真綾,3,2021,978-1-961638-40-2,1,1,2023-08-08
Persevering intermediate Local Area Network,Charles Diaz,3,1990,978-1-67639-608-6,1,1,2023-08-02
Face-to-face reciprocal framework,Connie Thompson,7,1992,978-1-186-62579-9,2,1,2023-05-27
Focused multimedia hardware,小林 康弘,1,1993,978-0-672-36877-6,0,2,2023-08-29
Synergistic empowering alliance,Sophia Benson,1,2009,978-1-4216-8616-5,0,2,2023-10-20
Object-based needs-based frame,Krista Arnold,4,2004,978-1-245-20673-0,2,1,2023-05-12
Face-to-face content-based capacity,松田 太郎,2,2000,978-1-996462-50-8,1,1,2023-10-29
Grass-roots directional toolset,山田 結衣,3,1997,978-1-283-06630-3,0,2,2023-07-25
Up-sized systemic architecture,斉藤 裕美子,4,2010,978-1-880210-59-8,1,1,2023-08-22
Switchable mission-critical policy,吉田 洋介,4,1993,978-0-85339-164-7,0,2,2023-10-21
Reactive methodical ability,伊藤 涼平,6,2001,978-0-14-980028-0,1,1,2023-09-27
Assimilated bifurcated throughput,鈴木 篤司,6,2000,978-1-163-33927-5,0,2,2023-07-22
Synergistic tertiary emulation,Karen Copeland,3,2002,978-1-77752-995-6,0,2,2023-09-29
Operative interactive protocol,中村 聡太郎,4,2015,978-1-9801-6803-4,2,1,2023-06-11
Seamless contextually-based access,田中 太郎,2,1994,978-1-246-95011-3,1,1,2023-07-08
Re-engineered uniform definition,小林 洋介,3,1995,978-1-247-38455-9,0,2,2023-05-18
Stand-alone bi-directional throughput,Scott Baker Jr.,3,2021,978-1-75950-592-3,2,1,2023-09-30
Multi-lateral holistic challenge,木村 充,5,1997,978-1-07-673593-5,1,1,2023-06-24
Configurable logistical Graphic Interface,森 あすか,2,1986,978-0-7179-4735-5,0,2,2023-07-23
Multi-tiered client-driven moratorium,Laura Farley,1,2021,978-1-377-43369-1,2,1,2023-10-12
Organic actuating ability,田中 桃子,3,1980,978-0-473-05785-5,0,2,2023-08-29
Virtual grid-enabled collaboration,高橋 千代,5,2006,978-0-487-54376-4,1,1,2023-08-28
Re-engineered content-based encryption,小林 裕太,4,2016,978-1-66837-018-6,2,1,2023-10-04
Synchronized analyzing adapter,森 拓真,4,2017,978-0-315-76385-2,2,1,2023-10-06
Expanded real-time encoding,Robert Wood,4,2018,978-0-455-38803-8,0,2,2023-07-30
Focused high-level migration,George Lowe,2,2022,978-1-896012-01-8,2,1,2023-10-18
Cloned multi-state intranet,Michael Walsh,1,1988,978-0-200-02728-1,1,1,2023-06-25
Function-based dynamic firmware,Jeffery Giles,8,2000,978-0-406-58180-8,2,1,2023-07-07
Reduced impactful leverage,Geoffrey Morales,8,1988,978-1-4749-0626-5,2,1,2023-10-27
Pre-emptive multimedia hub,Christina Cruz,7,2022,978-1-4312-9041-3,1,1,2023-10-18
Compatible bottom-line emulation,Amber Brown,4,2022,978-1-329-30806-0,0,2,2023-07-04
Innovative context-sensitive knowledgebase,Brianna Hall,7,2003,978-1-77437-671-3,0,2,2023-08-13
Public-key leadingedge strategy,Michael King,5,1987,978-1-878491-10-7,2,1,2023-05-31
Switchable actuating infrastructure,Nicholas Salazar,5,2003,978-1-63084-016-7,0,2,2023-11-01
Future-proofed multimedia strategy,坂本 和也,4,1997,978-1-352-40402-9,0,2,2023-10-05
Advanced 4thgeneration software,Erika Wagner,8,2020,978-0-11-359247-0,2,1,2023-10-29
Sharable intermediate knowledge user,太田 零,6,2018,978-0-10-741122-0,2,1,2023-09-14
Object-based methodical time-frame,斉藤 くみ子,7,2004,978-1-55213-747-5,2,1,2023-08-18
Customizable client-driven benchmark,石川 くみ子,2,2000,978-1-67548-612-2,2,1,2023-11-19
Upgradable modular knowledgebase,坂本 花子,3,2010,978-1-63243-261-2,2,1,2023-11-23
Progressive static product,渡辺 知実,2,1994,978-0-00-326842-3,1,1,2023-08-03
Self-enabling transitional success,Elizabeth Brooks,6,2018,978-0-691-59432-3,2,1,2023-09-11
Organic dynamic definition,Bob Baker,3,1989,978-1-5495-7291-3,2,1,2023-10-26
Advanced scalable strategy,佐藤 七夏,6,1997,978-0-86368-943-7,1,1,2023-11-18
Multi-lateral intermediate encoding,伊藤 美加子,1,1994,978-0-233-82982-1,1,1,2023-07-19
Automated system-worthy migration,森 翔太,3,2016,978-1-08-580829-3,2,1,2023-08-16
Synergized clear-thinking neural-net,Katie Moody,3,2020,978-1-353-47850-0,1,1,2023-06-11
Public-key local Graphical User Interface,Jay Boyd,7,2001,978-1-108-94143-3,0,2,2023-10-02
Managed intangible archive,Ashley Fowler,4,2007,978-0-17-198362-3,2,1,2023-09-21
Reduced optimizing approach,Allison King,5,1993,978-0-05-251073-3,2,1,2023-05-14
Function-based optimizing benchmark,Steve Thompson,2,2020,978-0-350-32132-1,1,1,2023-08-14
Upgradable incremental installation,伊藤 英樹,5,1991,978-1-391-76585-3,2,1,2023-11-06
Object-based static conglomeration,George Edwards,2,2004,978-0-09-163730-9,0,2,2023-10-06
Stand-alone context-sensitive focus group,小川 さゆり,5,2006,978-1-06-128369-4,0,2,2023-11-03
Streamlined multimedia conglomeration,山本 さゆり,2,1991,978-0-375-78110-0,0,2,2023-08-17
Fundamental systematic support,Eric Torres,1,1991,978-1-349-92768-5,1,1,2023-07-29
Down-sized coherent array,Madison Caldwell,8,2015,978-1-60027-184-7,1,1,2023-05-28
User-centric background challenge,Patrick Wright,4,2013,978-0-328-12764-1,0,2,2023-06-18
Down-sized client-driven approach,Teresa Harris,7,1999,978-1-9790-5515-4,1,1,2023-08-08
Assimilated zero administration focus group,石井 裕樹,5,1996,978-1-932776-84-3,2,1,2023-11-14
Reduced multimedia definition,Eric Cisneros,3,1997,978-1-324-69672-8,1,1,2023-06-08
Open-source bi-directional collaboration,Christopher Warner,3,1994,978-0-668-75205-3,1,1,2023-07-30
Multi-layered scalable initiative,佐藤 加奈,5,1998,978-0-7956-6020-7,1,1,2023-11-10
Team-oriented encompassing parallelism,山口 聡太郎,6,1987,978-1-899043-90-3,1,1,2023-06-24
Inverse context-sensitive help-desk,Jonathan Hurley,5,2002,978-1-5234-7253-6,2,1,2023-10-13
Focused exuding throughput,Kelly Khan,7,2005,978-0-10-548245-1,2,1,2023-10-29
Front-line object-oriented Internet solution,高橋 美加子,4,1985,978-0-09-881640-0,2,1,2023-09-17
Configurable optimizing initiative,Karl Kennedy,2,2011,978-1-319-18353-0,2,1,2023-06-10
Adaptive responsive ability,Ronnie Mejia,7,2016,978-1-972400-03-6,1,1,2023-07-31
Synergized dynamic project,Mrs. Karen Olson,2,2015,978-0-03-574479-7,1,1,2023-10-02
Programmable heuristic support,藤田 浩,5,2006,978-0-09-806005-6,1,1,2023-06-23
Profit-focused transitional portal,加藤 裕樹,2,2022,978-1-4648-3522-3,2,1,2023-06-10
Quality-focused neutral groupware,池田 健一,5,2016,978-0-7529-2218-8,1,1,2023-08-06
Quality-focused motivating encoding,中村 浩,4,2001,978-0-535-39361-7,0,2,2023-08-16
Streamlined dynamic definition,佐藤 篤司,6,1988,978-0-06-238011-1,0,2,2023-07-31
Multi-tiered interactive access,Katherine Nelson,1,1998,978-1-79602-340-4,2,1,2023-10-24
Right-sized responsive array,伊藤 直樹,4,1989,978-0-15-266026-0,0,2,2023-07-27
Digitized coherent initiative,山崎 明美,5,1999,978-0-10-297772-1,2,1,2023-11-15
Versatile needs-based info-mediaries,Megan Kramer,8,1981,978-1-77328-513-9,2,1,2023-05-22
Function-based composite Internet solution,Thomas Francis,1,1999,978-0-317-86842-5,0,2,2023-06-29
Grass-roots even-keeled productivity,木村 零,2,2013,978-1-966646-19-8,2,1,2023-10-19
Versatile multimedia projection,Emily Avila,2,2019,978-1-897096-23-9,0,2,2023-07-06
Mandatory reciprocal artificial intelligence,Trevor Robles,7,2005,978-1-4963-6255-1,1,1,2023-08-08
Extended modular standardization,小林 涼平,5,2014,978-0-07-985188-8,1,1,2023-07-08
Inverse intermediate core,遠藤 洋介,2,2016,978-1-55608-046-3,1,1,2023-05-21
Inverse zero administration help-desk,藤原 亮介,2,2010,978-1-77629-133-5,2,1,2023-08-26
Automated heuristic concept,橋本 聡太郎,8,1981,978-0-88559-929-5,0,2,2023-06-12
Robust value-added Graphical User Interface,Lindsay Murphy,8,2019,978-0-05-684928-0,2,1,2023-09-27
Robust holistic customer loyalty,Kenneth Cervantes,1,1994,978-1-64797-024-6,0,2,2023-09-02
Down-sized 3rdgeneration implementation,Cathy Lyons,3,2014,978-0-7830-8815-0,2,1,2023-10-24
Optional holistic process improvement,Kevin Roberts,8,2009,978-0-19-218691-1,0,2,2023-08-30
Operative cohesive Internet solution,Emily Higgins,1,1995,978-0-8147-6052-9,1,1,2023-09-07
Re-engineered bifurcated implementation,Rhonda James,5,1991,978-1-60463-532-4,1,1,2023-10-12
Persevering well-modulated software,Susan Thompson,3,1999,978-0-573-61109-4,1,1,2023-07-06
Vision-oriented 24hour project,Andrew Mendoza,7,1986,978-0-350-29151-8,0,2,2023-11-17
Implemented zero tolerance hierarchy,高橋 里佳,4,2020,978-1-121-53390-5,2,1,2023-07-08
Up-sized object-oriented forecast,Victoria Thomas,1,2013,978-0-546-58976-4,2,1,2023-06-01
Front-line neutral synergy,Brenda Fuller,3,2005,978-1-72615-968-5,1,1,2023-08-16
Operative 24hour portal,佐藤 健一,2,2001,978-1-4543-8174-7,0,2,2023-08-13
Configurable foreground toolset,森 さゆり,6,1989,978-1-02-430569-2,2,1,2023-09-05
Multi-lateral background help-desk,Bryan Torres,8,2021,978-1-59508-599-3,2,1,2023-05-31
Synergistic local Graphic Interface,Andrew Cruz,5,1985,978-0-00-718404-0,1,1,2023-10-23
Balanced non-volatile system engine,Justin Foster,7,2021,978-0-495-11992-0,0,2,2023-11-13
Down-sized 6thgeneration paradigm,鈴木 太郎,4,2002,978-0-499-50719-8,2,1,2023-10-29
Front-line even-keeled artificial intelligence,Micheal Little,4,1995,978-1-9867-1598-0,2,1,2023-10-16
Inverse object-oriented monitoring,Jasmine Proctor,4,1990,978-0-8032-5850-1,0,2,2023-11-08
Centralized foreground success,Victor Parker,6,2002,978-0-593-82790-1,2,1,2023-10-11
Triple-buffered empowering middleware,Joshua Rodriguez,1,1990,978-0-942870-18-3,1,1,2023-09-02
Organized grid-enabled Graphical User Interface,藤田 晃,7,1999,978-1-06-205582-5,1,1,2023-06-10
User-friendly holistic toolset,渡辺 春香,2,2005,978-0-8011-8426-0,0,2,2023-08-22
Persistent real-time archive,村上 知実,4,1991,978-1-204-69969-6,2,1,2023-05-29
Multi-layered foreground workforce,村上 花子,8,1996,978-0-87316-922-6,0,2,2023-11-01
Customizable modular structure,木村 洋介,2,2016,978-0-655-53946-9,0,2,2023-09-30
Grass-roots foreground frame,斎藤 英樹,8,2017,978-0-7831-3815-2,2,1,2023-09-21
Self-enabling fault-tolerant data-warehouse,William Wilson,1,2022,978-1-60424-822-7,2,1,2023-10-19
Polarized scalable Local Area Network,中村 康弘,7,1998,978-1-184-45375-2,0,2,2023-09-26
Organized demand-driven initiative,Peter Kemp,5,2016,978-1-57915-349-6,2,1,2023-07-16
Exclusive executive open system,Brittany Henson,3,2005,978-0-401-41836-9,0,2,2023-07-26
Sharable hybrid attitude,近藤 さゆり,4,1980,978-0-448-36143-7,0,2,2023-10-23
Stand-alone grid-enabled capacity,太田 七夏,5,2019,978-0-321-29460-9,2,1,2023-09-01
Public-key system-worthy attitude,石川 和也,5,2018,978-1-251-41897-4,1,1,2023-09-19
Upgradable bifurcated groupware,Daniel Gardner,6,1997,978-0-19-512892-5,2,1,2023-08-25
Programmable methodical approach,Brandon Fields,5,2020,978-0-914880-23-3,2,1,2023-06-19
Pre-emptive value-added policy,Vincent Carter,3,1985,978-1-276-31932-4,2,1,2023-07-05
Ameliorated 24hour architecture,伊藤 幹,4,2004,978-1-05-913638-4,1,1,2023-08-13
Stand-alone optimal functionalities,鈴木 くみ子,6,1996,978-1-328-12004-5,0,2,2023-08-22
Extended encompassing standardization,山口 里佳,6,1984,978-0-466-17039-4,0,2,2023-08-29
Cross-group optimizing knowledge user,Stacy Campos,8,1980,978-0-577-66597-0,2,1,2023-06-21
Stand-alone multi-tasking function,Jordan Bond,1,1990,978-0-8327-1480-1,1,1,2023-10-18
Synergized directional core,Taylor Herrera,1,2014,978-1-143-29797-7,2,1,2023-11-10
Business-focused interactive moratorium,佐藤 学,7,2014,978-0-288-72347-1,0,2,2023-11-11
Multi-tiered local secured line,田中 晃,2,2017,978-0-10-897198-3,2,1,2023-05-31
Inverse logistical paradigm,小林 春香,8,1990,978-1-921157-40-0,0,2,2023-05-29
Proactive multi-tasking task-force,Jeffery Henderson,5,2019,978-0-539-99518-3,2,1,2023-06-01
Secured global Graphical User Interface,Ryan Perez,4,1999,978-0-7558-4041-0,2,1,2023-08-08
Digitized real-time solution,Joseph Miller,4,2013,978-1-71082-971-6,1,1,2023-09-06
Fully-configurable system-worthy focus group,中島 明美,7,2012,978-0-03-690537-1,2,1,2023-08-27
Balanced eco-centric implementation,木村 学,2,1999,978-0-257-93609-3,0,2,2023-08-15
Automated directional leverage,Kelly Salazar,5,1993,978-0-8199-6896-8,1,1,2023-08-06
Secured demand-driven pricing structure,加藤 直樹,7,1985,978-1-878681-92-8,1,1,2023-08-21
Enterprise-wide empowering functionalities,Steven Smith,6,2015,978-0-948489-32-7,2,1,2023-08-29
Profound dynamic capability,Corey Larsen,6,2009,978-1-78025-310-7,2,1,2023-07-26
Cross-platform optimizing neural-net,鈴木 聡太郎,2,2005,978-1-62371-749-0,2,1,2023-05-19
Multi-layered web-enabled structure,Mitchell Smith,1,1988,978-1-67657-194-0,2,1,2023-11-10
Streamlined heuristic standardization,Jason Williams,3,2011,978-0-536-33348-3,2,1,2023-08-30
Configurable high-level application,Elizabeth Lewis MD,2,2011,978-1-102-34290-8,1,1,2023-10-25
User-centric secondary paradigm,Dawn Murphy,7,2015,978-1-295-50858-7,2,1,2023-08-01
Up-sized 24hour orchestration,田中 健一,4,2003,978-0-615-66242-8,2,1,2023-06-22
Monitored global support,山口 亮介,1,1996,978-0-9743157-1-3,2,1,2023-08-09
Cloned tangible structure,Jack Peterson,4,2010,978-1-248-90336-0,2,1,2023-11-04
Optional zero-defect architecture,小林 京助,2,2023,978-0-08-688254-7,1,1,2023-11-14
Public-key zero-defect process improvement,佐藤 翼,1,2021,978-0-09-948875-0,2,1,2023-11-03
De-engineered 24/7 architecture,坂本 修平,1,2004,978-1-7381862-2-8,2,1,2023-09-12
Ameliorated regional Graphical User Interface,小林 翼,4,2022,978-0-7008-6678-6,2,1,2023-10-10
Reactive composite interface,Richard Hicks,7,2011,978-1-275-27372-6,1,1,2023-11-08
Multi-tiered demand-driven data-warehouse,Roy Villarreal,1,2015,978-0-485-30740-5,2,1,2023-10-03
Diverse dynamic paradigm,青木 結衣,1,1986,978-0-8301-8783-6,2,1,2023-08-28
Future-proofed asynchronous core,吉田 充,7,2000,978-1-77151-333-3,2,1,2023-11-12
Centralized intangible solution,中村 明美,6,2007,978-0-7075-7527-8,1,1,2023-11-06
Versatile real-time workforce,鈴木 拓真,1,2023,978-1-5340-5342-7,1,1,2023-09-20
Optimized human-resource workforce,Mrs. Kristin Keller,5,1987,978-1-931843-75-1,1,1,2023-10-01
Total methodical function,橋本 淳,4,2000,978-1-239-72126-3,1,1,2023-07-28
Object-based methodical implementation,Dr. Joshua Shah,6,2018,978-0-910929-21-9,0,2,2023-08-30
Persevering systematic time-frame,Kimberly Carlson,4,2023,978-0-8411-0313-9,0,2,2023-07-20
Persistent logistical process improvement,中村 稔,3,2004,978-1-330-34379-1,2,1,2023-05-23
Adaptive dynamic flexibility,佐藤 裕樹,2,2014,978-0-423-42478-2,2,1,2023-07-23
Proactive multimedia complexity,Rachel Aguilar,7,2017,978-1-71048-507-3,0,2,2023-05-19
Adaptive impactful leverage,Daniel Copeland,6,2019,978-0-936473-43-7,1,1,2023-09-30
Object-based eco-centric encoding,山田 裕美子,2,2023,978-0-351-48662-3,0,2,2023-05-20
Front-line exuding architecture,遠藤 花子,1,1991,978-1-60247-633-2,1,1,2023-08-03
Balanced 24hour support,Tabitha Smith,6,2009,978-1-390-63100-5,2,1,2023-06-06
Compatible eco-centric neural-net,Andrew Chapman,8,2019,978-0-06-122678-6,2,1,2023-09-18
Balanced web-enabled function,Jessica Baker,8,1988,978-1-02-698695-0,0,2,2023-10-24
Multi-layered zero tolerance productivity,Amy White,5,2012,978-0-678-62831-7,2,1,2023-09-24
Public-key multimedia software,小林 美加子,2,1984,978-0-00-933531-0,0,2,2023-10-28
Cross-platform bandwidth-monitored matrices,池田 舞,1,2011,978-0-05-271887-0,0,2,2023-09-20
Integrated composite time-frame,Andrew Rodriguez,6,1991,978-1-02-451240-3,1,1,2023-07-26
Integrated fresh-thinking service-desk,鈴木 春香,7,2005,978-0-17-926130-3,0,2,2023-06-04
Managed discrete encryption,鈴木 拓真,7,2002,978-1-65675-851-4,1,1,2023-08-13
Profound systemic access,藤原 拓真,1,1987,978-0-04-133106-6,0,2,2023-10-01
Decentralized fresh-thinking pricing structure,鈴木 花子,5,2013,978-0-289-24957-4,0,2,2023-11-18
Implemented regional neural-net,Kimberly Fuentes,4,2017,978-0-8399-4115-6,1,1,2023-05-25
Realigned local alliance,伊藤 和也,5,2010,978-1-86320-480-4,2,1,2023-10-02
Phased context-sensitive utilization,Ashley Cohen,1,2006,978-1-05-958511-3,0,2,2023-05-14
Synergized optimal matrices,高橋 篤司,8,2012,978-1-69217-868-0,2,1,2023-08-03
Intuitive multimedia conglomeration,佐藤 智也,4,2023,978-0-535-78401-9,1,1,2023-10-23
Multi-lateral scalable artificial intelligence,西村 淳,3,2003,978-1-292-90107-7,1,1,2023-10-31
User-centric fault-tolerant system engine,Cynthia Baker,2,2000,978-1-5139-7490-3,1,1,2023-05-12
Diverse asynchronous focus group,伊藤 京助,3,1984,978-1-877230-68-4,2,1,2023-06-13
Inverse local analyzer,Kathleen Garrett,1,1999,978-1-62513-809-5,1,1,2023-09-22
Compatible coherent neural-net,Robin Jackson,8,2002,978-0-929046-05-1,1,1,2023-07-17
Distributed actuating functionalities,佐藤 裕樹,1,2006,978-0-86915-899-9,1,1,2023-08-19
Enhanced grid-enabled Graphical User Interface,Jeremiah Buck,2,2012,978-0-602-40179-5,0,2,2023-11-19
Centralized systematic project,長谷川 桃子,8,1993,978-1-909846-56-2,2,1,2023-10-03
Balanced systematic artificial intelligence,Edward Johnston,4,2022,978-0-465-93241-2,0,2,2023-08-03
Function-based regional database,Robin Villarreal,5,2005,978-0-633-09107-1,0,2,2023-11-16
Cloned value-added extranet,村上 直樹,1,1988,978-1-9795-6036-8,2,1,2023-10-01
Diverse heuristic product,田中 翼,5,1995,978-1-168-33244-8,2,1,2023-09-24
Inverse user-facing software,佐藤 舞,5,1996,978-1-55659-685-8,0,2,2023-11-18
Managed next generation workforce,小林 真綾,7,2006,978-1-263-57809-3,0,2,2023-11-13
Managed attitude-oriented analyzer,三浦 太一,5,2020,978-0-623-08610-0,2,1,2023-10-21
Distributed clear-thinking intranet,橋本 洋介,3,2002,978-0-8134-5429-0,1,1,2023-06-23
Synchronized exuding frame,Mary Evans,4,2017,978-1-126-26157-5,1,1,2023-11-11
Right-sized mobile interface,Julie Flores,3,2018,978-1-191-85348-4,0,2,2023-08-09
Synergized intermediate circuit,Robert Morris,3,2008,978-0-544-78328-7,2,1,2023-05-13
Up-sized composite capacity,Sarah Melton,2,2019,978-1-56417-778-0,0,2,2023-10-31
Function-based hybrid intranet,Isaiah Ruiz,5,2017,978-0-664-90121-9,2,1,2023-10-22
Business-focused actuating neural-net,Nicholas Wilson,1,2013,978-0-7541-4434-2,0,2,2023-07-21
Customer-focused asymmetric leverage,Kelsey Russell,1,2006,978-1-61379-405-0,1,1,2023-10-26
Innovative content-based project,Leslie Snow,7,2002,978-0-512-25893-9,2,1,2023-08-06
Reactive empowering ability,小林 七夏,1,1993,978-0-7439-7984-9,1,1,2023-08-21
Inverse client-driven monitoring,山口 花子,7,1998,978-0-366-80284-5,2,1,2023-07-18
Business-focused systemic protocol,Michael Salazar,6,1983,978-0-542-18852-7,0,2,2023-07-23
Focused impactful standardization,森 翼,5,1986,978-0-310-13580-7,2,1,2023-08-03
Sharable actuating conglomeration,池田 明美,6,2001,978-1-00-267669-1,2,1,2023-08-10
Integrated disintermediate service-desk,松本 明美,5,2005,978-1-128-62287-9,1,1,2023-05-23
Adaptive object-oriented open architecture,Brandi Stark,8,2017,978-1-206-26203-4,0,2,2023-11-14
Compatible regional structure,松本 香織,3,1999,978-1-4337-6655-8,2,1,2023-08-30
Exclusive composite capacity,Timothy Green,6,2021,978-0-640-19599-1,0,2,2023-09-03
Profit-focused foreground knowledgebase,遠藤 里佳,4,2006,978-1-213-12327-4,0,2,2023-08-17
Ameliorated 4thgeneration structure,佐藤 充,4,2017,978-1-4812-7199-8,1,1,2023-08-28
Quality-focused demand-driven throughput,坂本 翼,4,2017,978-1-76641-398-3,2,1,2023-10-30
Centralized composite middleware,小林 春香,3,2020,978-0-03-683994-2,0,2,2023-09-21
Right-sized foreground analyzer,Ian Yang,5,2012,978-1-327-82413-5,1,1,2023-05-17
Up-sized logistical ability,Patrick Walker,2,1991,978-0-7008-4378-7,1,1,2023-07-12
Implemented full-range flexibility,Elizabeth Gomez,6,2013,978-1-4391-5187-7,0,2,2023-05-26
Switchable reciprocal migration,山田 篤司,1,1988,978-0-16-373883-5,0,2,2023-07-01
Progressive non-volatile architecture,Austin Nelson,4,1997,978-0-9707056-9-3,1,1,2023-09-19
Multi-lateral directional definition,中島 充,4,2005,978-1-235-81691-8,2,1,2023-08-30
Reverse-engineered asynchronous data-warehouse,山田 篤司,7,2015,978-1-310-50998-8,2,1,2023-06-09
Proactive value-added frame,Chad Coleman,4,2011,978-1-210-47389-1,0,2,2023-06-01
Polarized encompassing definition,小林 裕太,3,1993,978-1-4747-6024-9,0,2,2023-05-19
Triple-buffered context-sensitive focus group,Keith Thomas,2,1986,978-0-246-94263-0,0,2,2023-07-08
Adaptive regional capability,山口 真綾,6,2005,978-1-102-65353-0,2,1,2023-10-07
Quality-focused fresh-thinking data-warehouse,岡田 明美,3,1994,978-0-08-459688-0,2,1,2023-10-12
Enhanced holistic adapter,太田 翼,7,2009,978-0-497-04375-9,2,1,2023-07-15
Cloned background Internet solution,Natalie Alvarez,2,2018,978-1-120-78349-3,0,2,2023-09-15
Proactive motivating infrastructure,佐藤 亮介,5,2008,978-0-89398-780-0,1,1,2023-10-31
Inverse global initiative,後藤 亮介,3,2019,978-0-689-03841-9,2,1,2023-06-07
Ergonomic local encoding,鈴木 篤司,2,1980,978-1-5179-2733-2,2,1,2023-07-17
Team-oriented systematic knowledgebase,高橋 学,1,2021,978-1-06-048368-2,1,1,2023-11-06
Re-engineered optimizing challenge,鈴木 花子,7,1983,978-0-346-36272-7,2,1,2023-11-06
Down-sized value-added budgetary management,Lawrence Duncan,5,1982,978-0-7382-9265-6,0,2,2023-08-04
Visionary content-based productivity,小林 香織,2,2023,978-1-174-17431-5,0,2,2023-07-26
Optional responsive superstructure,Kathy Carpenter,5,2011,978-1-00-574827-2,1,1,2023-06-08
Open-source dynamic knowledge user,佐々木 洋介,1,1987,978-0-549-22957-5,0,2,2023-10-27
User-centric systematic application,Kylie Ross,2,1991,978-0-385-43520-8,0,2,2023-10-08
Proactive logistical interface,Sean Holmes,6,1982,978-1-77457-460-7,2,1,2023-06-07
Decentralized asynchronous Internet solution,Betty Sutton,3,1988,978-1-185-31130-3,0,2,2023-08-26
Reverse-engineered impactful knowledgebase,佐々木 充,2,2003,978-0-668-63440-3,0,2,2023-10-06
Multi-channeled encompassing collaboration,坂本 太郎,2,2015,978-1-4925-2234-8,0,2,2023-08-10
Integrated zero tolerance knowledge user,中村 裕太,1,1989,978-0-589-55686-0,2,1,2023-11-04
Cross-platform well-modulated solution,田中 舞,5,1990,978-1-4891-8589-1,1,1,2023-07-30
Synergistic stable concept,Jeffrey White,7,1995,978-1-5327-2641-5,0,2,2023-06-28
Enhanced value-added task-force,Grant Jensen,1,2005,978-1-56087-400-3,0,2,2023-10-10
Profound upward-trending contingency,Sarah Owens,5,2017,978-0-9849162-2-1,1,1,2023-08-10
Exclusive directional approach,松田 学,7,2002,978-1-396-77869-8,1,1,2023-09-14
Cloned intangible attitude,Brent Flores,5,1992,978-1-4655-1523-0,2,1,2023-05-19
Open-source 4thgeneration structure,John Willis,2,1999,978-1-880210-56-7,2,1,2023-08-29
Innovative uniform hierarchy,吉田 京助,5,2013,978-0-09-529405-8,0,2,2023-11-21
Stand-alone dynamic monitoring,Stacey Mckay,2,2014,978-0-914538-06-6,0,2,2023-06-24
Self-enabling secondary database,木村 拓真,7,2022,978-0-662-71611-2,2,1,2023-05-21
Reduced radical product,斉藤 康弘,4,1994,978-0-7094-5442-7,0,2,2023-06-27
Decentralized disintermediate customer loyalty,小林 裕太,6,1985,978-1-65375-361-1,1,1,2023-06-18
Universal directional standardization,Crystal Buckley,1,1993,978-0-476-02399-4,1,1,2023-09-08
Focused global utilization,Laura Martin,3,2020,978-1-4152-1677-4,1,1,2023-09-02
Team-oriented multimedia approach,山田 晃,3,2018,978-1-4066-5721-0,0,2,2023-08-13
Optional didactic definition,吉田 淳,3,1983,978-1-61248-522-5,2,1,2023-08-09
Mandatory fault-tolerant support,Mrs. Yvonne Hayes,6,2001,978-0-15-668854-3,2,1,2023-09-18
Profit-focused upward-trending time-frame,木村 春香,3,1988,978-1-61209-775-6,0,2,2023-08-05
Decentralized bandwidth-monitored intranet,Rebecca Peterson,6,2014,978-1-344-48419-0,0,2,2023-08-15
Public-key exuding groupware,高橋 翼,1,1981,978-1-4552-3407-3,2,1,2023-10-03
Open-architected systemic concept,藤田 健一,7,2000,978-0-916036-29-4,1,1,2023-07-10
Down-sized regional utilization,Daniel Rodriguez,8,1989,978-1-4841-1230-4,2,1,2023-08-02
Streamlined static info-mediaries,Elizabeth Ramirez,3,2004,978-0-7142-9537-4,2,1,2023-07-25
Expanded human-resource alliance,鈴木 亮介,6,1986,978-1-85809-814-2,1,1,2023-07-10
Upgradable reciprocal standardization,近藤 花子,3,2002,978-1-4705-7208-2,1,1,2023-09-09
Intuitive composite architecture,Allison Terry MD,7,1991,978-0-394-50251-9,1,1,2023-09-29
Object-based non-volatile website,松田 充,4,1986,978-0-425-84138-9,0,2,2023-08-16
Self-enabling web-enabled support,鈴木 美加子,8,2018,978-1-972520-02-4,0,2,2023-07-15
Total maximized challenge,Christopher Garcia,4,1983,978-1-145-34978-0,0,2,2023-08-10
Decentralized zero-defect capacity,Martin Brown,6,2022,978-0-02-228896-9,1,1,2023-07-03
Enhanced bifurcated workforce,Adam Thomas,1,2010,978-0-7294-9188-4,0,2,2023-08-22
Front-line object-oriented website,Anthony Powers,2,1980,978-1-76812-161-9,2,1,2023-07-07
Multi-layered multi-tasking framework,鈴木 千代,3,2021,978-0-272-45318-6,1,1,2023-11-05
Universal coherent workforce,Rebecca Branch,8,2008,978-1-875424-72-6,1,1,2023-07-24
Ergonomic static analyzer,佐藤 あすか,7,2016,978-0-342-00884-1,2,1,2023-07-07
Managed real-time analyzer,Janet Orozco,7,2001,978-1-5283-4067-0,2,1,2023-06-11
Team-oriented solution-oriented policy,藤原 陽一,6,1991,978-1-151-92012-6,0,2,2023-06-07
Synergized bi-directional orchestration,田中 加奈,2,2014,978-1-894511-06-3,0,2,2023-08-24
De-engineered disintermediate extranet,Robert Williams,5,2010,978-1-56042-971-5,2,1,2023-06-08
Extended solution-oriented projection,Dr. Rebecca Rodriguez,1,1991,978-0-8302-2445-6,1,1,2023-09-16
Integrated coherent knowledge user,加藤 淳,5,2019,978-1-4048-2862-9,0,2,2023-10-30
Inverse encompassing definition,Carlos Castro,2,1984,978-1-271-30171-3,2,1,2023-09-10
Business-focused actuating solution,鈴木 明美,2,1986,978-0-223-65793-9,1,1,2023-09-14
Function-based executive solution,伊藤 健一,4,2004,978-1-82753-222-6,2,1,2023-10-03
Cross-group grid-enabled paradigm,加藤 加奈,2,1995,978-0-498-94980-7,2,1,2023-08-24
Stand-alone clear-thinking pricing structure,Lisa Daniel,8,1980,978-1-7383029-7-0,2,1,2023-07-21
Face-to-face bottom-line hub,高橋 陽子,8,1993,978-1-84720-692-3,1,1,2023-05-22
Robust optimizing monitoring,Kathryn Morales,7,2006,978-0-296-61773-1,0,2,2023-08-01
Ergonomic contextually-based utilization,藤田 裕樹,6,2022,978-0-368-63407-9,2,1,2023-08-09
Decentralized reciprocal matrices,吉田 浩,2,1987,978-1-954427-56-3,2,1,2023-11-13
Optimized bandwidth-monitored archive,渡辺 太郎,7,1987,978-1-941098-29-5,0,2,2023-07-18
Cross-group executive policy,Nicole Vazquez,1,2007,978-0-568-58784-7,1,1,2023-06-01
Public-key 6thgeneration capacity,小川 花子,7,2005,978-1-01-746128-2,1,1,2023-08-25
Compatible uniform implementation,中島 直人,1,1989,978-1-340-23683-0,1,1,2023-09-15
Reduced discrete complexity,中川 舞,3,1991,978-0-06-456371-0,2,1,2023-11-14
Ergonomic impactful standardization,Samantha Rice,3,1986,978-0-606-22526-7,0,2,2023-05-26
Function-based exuding projection,Jennifer Hernandez,4,1987,978-1-891375-25-5,1,1,2023-11-07
Robust tangible circuit,Tammy Smith MD,1,2018,978-1-106-17064-4,0,2,2023-08-12
Exclusive 4thgeneration emulation,Shelby Johnson,5,1995,978-0-7772-8456-8,0,2,2023-06-24
Fundamental object-oriented throughput,James Jordan,8,2017,978-0-302-93786-0,0,2,2023-10-23
Horizontal web-enabled info-mediaries,Sharon Perez,7,2005,978-1-58146-144-2,2,1,2023-07-30
Cloned disintermediate Graphic Interface,中村 七夏,5,1994,978-1-5101-2106-5,1,1,2023-08-11
Universal 24hour workforce,Christina Gardner,2,2000,978-0-470-20444-3,0,2,2023-09-27
Automated stable complexity,伊藤 稔,7,2008,978-1-195-02506-1,2,1,2023-08-23
Distributed next generation knowledge user,Amy Meyer,8,2002,978-1-02-103433-5,0,2,2023-08-07
Mandatory secondary array,Emily Gray PhD,1,1983,978-0-7606-8782-6,0,2,2023-05-28
Reactive demand-driven secured line,伊藤 直樹,8,2011,978-1-63597-183-5,0,2,2023-05-18
Visionary secondary pricing structure,Taylor Hernandez,5,1983,978-0-10-277440-5,0,2,2023-07-07
Implemented context-sensitive product,斎藤 直樹,1,2013,978-1-4326-4067-5,2,1,2023-07-09
Exclusive methodical alliance,池田 亮介,5,1982,978-1-77746-119-5,1,1,2023-05-28
Assimilated explicit framework,藤井 里佳,7,1996,978-0-550-56140-4,0,2,2023-08-19
Stand-alone interactive task-force,小林 和也,1,2022,978-0-488-27801-6,0,2,2023-06-10
Centralized leadingedge concept,伊藤 陽一,8,2012,978-1-67475-552-6,2,1,2023-10-20
Grass-roots bottom-line adapter,Charles Brown,5,2011,978-0-206-30255-9,1,1,2023-05-19
Robust tangible database,Brittany Harris,3,2004,978-1-389-11273-7,1,1,2023-07-23
Multi-channeled heuristic adapter,Kristina Nguyen,4,2003,978-1-4129-5588-1,2,1,2023-06-04
Integrated tertiary projection,坂本 修平,4,2009,978-0-88370-900-9,1,1,2023-10-26
Synchronized scalable parallelism,山本 裕樹,7,2002,978-0-7387-5940-1,2,1,2023-08-02
Streamlined uniform functionalities,Christopher Brown,1,2017,978-1-167-18467-3,1,1,2023-08-26
Progressive regional hardware,Kenneth Nunez,8,2020,978-1-4211-9314-4,2,1,2023-07-31
Monitored disintermediate frame,Riley Riley,6,1992,978-1-03-422624-6,0,2,2023-08-16
Expanded user-facing access,Jessica Crawford,3,2005,978-0-658-35535-6,2,1,2023-08-17
Streamlined clear-thinking matrix,John Howard,3,1995,978-0-89087-763-0,0,2,2023-08-01
Fully-configurable full-range support,林 翔太,7,2017,978-1-67141-515-7,0,2,2023-11-05
Pre-emptive 3rdgeneration project,佐藤 翼,5,2018,978-0-465-18310-4,2,1,2023-10-16
Sharable web-enabled success,Jill Gallagher,5,1994,978-1-9814-1625-7,2,1,2023-09-20
Customizable well-modulated database,Bruce Ross,1,1996,978-0-249-39243-2,0,2,2023-06-09
De-engineered neutral Internet solution,Cassandra Fisher,6,1987,978-1-79813-985-1,0,2,2023-05-25
Front-line real-time synergy,Henry Butler,2,2005,978-1-895131-70-3,0,2,2023-11-07
Ameliorated radical flexibility,Charles Mayo,1,1986,978-0-10-231336-9,0,2,2023-08-04
Managed dedicated emulation,松田 浩,6,2001,978-0-06-263756-7,1,1,2023-09-15
Streamlined needs-based open system,Aaron Jackson,3,2002,978-0-286-67887-2,2,1,2023-06-23
Down-sized actuating architecture,石川 直子,7,2008,978-0-7216-4652-7,2,1,2023-10-12
Ergonomic tangible toolset,Karen Perez,5,1996,978-1-06-554509-5,0,2,2023-08-02
Managed encompassing capacity,Philip Velazquez,5,2001,978-1-4344-8535-9,0,2,2023-06-15
User-centric mobile complexity,前田 裕美子,1,2017,978-0-612-66492-0,0,2,2023-08-30
Adaptive leadingedge Local Area Network,藤原 康弘,5,2014,978-0-18-864349-7,0,2,2023-10-23
Stand-alone interactive moratorium,Rebecca Carpenter,1,1985,978-0-09-020347-5,2,1,2023-07-20
Sharable background hardware,Rachel Campbell,3,1998,978-1-172-67294-3,1,1,2023-06-29
Cloned object-oriented analyzer,田中 くみ子,4,2016,978-1-963315-79-0,1,1,2023-05-26
Virtual user-facing instruction set,伊藤 加奈,8,1997,978-1-06-550091-9,0,2,2023-07-14
Centralized 6thgeneration forecast,Grant Clark,8,1980,978-0-545-37372-2,0,2,2023-09-24
Switchable optimal pricing structure,Samuel Sims,4,1999,978-0-19-343229-1,0,2,2023-07-13
Profit-focused user-facing structure,Jacqueline Owens,3,2005,978-0-367-36625-4,2,1,2023-05-26
De-engineered high-level methodology,Lee Wallace,5,2001,978-0-03-350623-6,2,1,2023-05-23
Cloned empowering functionalities,Joshua Lewis,2,1995,978-1-02-350401-0,0,2,2023-06-07
Balanced high-level moderator,Christopher Adams,7,1989,978-0-610-51150-9,2,1,2023-09-19
Phased static database,James Glover,1,2020,978-0-375-76594-0,1,1,2023-09-25
Multi-lateral systemic extranet,Joyce Chavez DDS,6,2002,978-0-310-61928-4,2,1,2023-05-16
Down-sized eco-centric archive,高橋 太郎,2,2002,978-0-14-327308-0,1,1,2023-06-30
Synchronized real-time neural-net,加藤 真綾,7,2004,978-0-307-21913-8,0,2,2023-09-26
Inverse empowering task-force,Kevin Davis,6,2015,978-0-237-06145-6,0,2,2023-06-24
Reverse-engineered clear-thinking policy,Kayla Clark,1,1992,978-1-324-49561-1,0,2,2023-11-13
Persevering empowering instruction set,松本 太郎,2,2004,978-1-05-973737-6,1,1,2023-09-23
Advanced national capacity,Katherine Cohen,1,1994,978-1-57989-904-2,2,1,2023-05-28
Cross-group even-keeled intranet,Caitlin Becker,3,2013,978-0-384-26494-6,1,1,2023-09-27
Pre-emptive multimedia archive,鈴木 晃,2,1983,978-0-7093-4875-7,1,1,2023-09-16
Public-key fault-tolerant matrix,佐藤 香織,6,1991,978-0-928390-47-6,1,1,2023-05-29
Switchable actuating architecture,長谷川 裕太,1,1999,978-0-686-50583-9,2,1,2023-09-05
Fundamental regional structure,Janet Foster,6,1992,978-0-566-07745-6,0,2,2023-08-26
Mandatory client-driven definition,岡田 康弘,8,1985,978-0-534-57002-6,0,2,2023-10-22
Assimilated multimedia toolset,Hailey Hampton,6,1985,978-1-239-48504-2,0,2,2023-06-25
Future-proofed human-resource concept,松田 亮介,3,2004,978-0-7395-4666-6,2,1,2023-08-08
Self-enabling regional focus group,小川 陽一,2,2012,978-1-61377-173-0,1,1,2023-06-18
Diverse directional projection,Chelsea Peters,5,1992,978-1-346-76757-4,2,1,2023-09-25
Cross-group intangible data-warehouse,加藤 美加子,7,1983,978-1-883791-00-1,2,1,2023-10-18
Versatile human-resource service-desk,Manuel Key,1,1988,978-0-502-42799-4,0,2,2023-08-31
Secured eco-centric monitoring,Kristi Black,7,2017,978-0-7444-5216-7,1,1,2023-05-13
Decentralized clear-thinking initiative,Kristopher Curry,4,2003,978-1-116-49095-4,0,2,2023-11-21
Fully-configurable encompassing archive,Beverly Sanders DDS,6,2017,978-0-7570-3163-2,0,2,2023-10-12
Object-based grid-enabled access,Ashlee Cooper,7,1999,978-0-570-67257-9,2,1,2023-09-24
Profit-focused object-oriented array,Joshua Roberts,8,2009,978-0-7793-4011-8,2,1,2023-09-11
Assimilated discrete archive,Daniel Fuentes,3,1994,978-1-62395-708-7,1,1,2023-05-25
Versatile analyzing protocol,Nicholas Smith,1,2008,978-0-571-64707-1,2,1,2023-05-22
Face-to-face bi-directional pricing structure,小林 幹,8,2001,978-1-83255-718-4,1,1,2023-06-11
Advanced intermediate matrices,Edward Thompson,1,2014,978-1-4398-8411-9,1,1,2023-09-14
Phased multimedia artificial intelligence,山下 裕樹,1,2012,978-1-00-978949-3,0,2,2023-07-05
De-engineered mobile moderator,山本 陽一,8,1988,978-0-86025-791-2,1,1,2023-09-23
Compatible system-worthy initiative,佐藤 陽子,5,2004,978-1-904357-18-6,2,1,2023-09-28
Up-sized intangible function,阿部 篤司,6,1994,978-0-422-96149-3,2,1,2023-11-18
Cloned empowering website,阿部 真綾,5,1983,978-1-958941-03-4,1,1,2023-11-12
Reduced solution-oriented service-desk,佐藤 翔太,2,1991,978-0-563-32065-4,1,1,2023-09-29
Customizable neutral matrices,John Perkins,2,1994,978-1-74782-778-5,0,2,2023-09-06
Devolved explicit interface,Renee Reyes,1,1995,978-0-659-96575-2,1,1,2023-07-26
Pre-emptive incremental hub,Tonya Acevedo,7,1991,978-0-09-996766-8,0,2,2023-06-23
Advanced modular knowledge user,山本 浩,3,1985,978-0-235-99586-9,2,1,2023-08-24
Synergistic clear-thinking open system,Nina Davis,4,1982,978-0-321-19425-1,1,1,2023-07-13
Networked systematic migration,Jason Heath,3,2023,978-0-16-347637-9,1,1,2023-07-10
Synchronized full-range protocol,Mark Ray,7,1985,978-1-66413-843-8,2,1,2023-07-20
Customer-focused local moderator,James Morales,6,1980,978-1-63901-638-9,2,1,2023-07-27
Managed upward-trending instruction set,田中 桃子,4,1981,978-0-913719-19-0,0,2,2023-11-08
Right-sized executive emulation,加藤 直人,4,2012,978-1-239-40339-8,0,2,2023-09-30
User-centric zero-defect migration,Jennifer Bowers,2,1982,978-1-951850-75-3,0,2,2023-06-29
Grass-roots optimal migration,前田 浩,5,2013,978-1-299-32816-7,0,2,2023-05-16
Monitored explicit challenge,伊藤 涼平,6,1996,978-1-215-38233-4,2,1,2023-11-09
Self-enabling methodical task-force,佐藤 裕太,6,2011,978-0-8224-4076-5,2,1,2023-08-03
Open-source homogeneous info-mediaries,Laura Scott,4,1983,978-1-897624-70-8,2,1,2023-10-09
Centralized bi-directional policy,Linda Baker,1,2013,978-0-7682-3507-4,0,2,2023-10-08
Upgradable bottom-line matrix,木村 香織,3,1989,978-1-64779-387-6,1,1,2023-05-14
Operative asymmetric pricing structure,Dr. Anthony Smith,3,2008,978-0-221-95028-5,0,2,2023-11-04
Multi-channeled bifurcated moratorium,鈴木 和也,6,2018,978-0-333-53201-0,0,2,2023-08-28
Expanded encompassing software,Leslie Anderson,8,1991,978-1-252-02476-1,2,1,2023-10-21
Secured optimal archive,伊藤 七夏,4,2012,978-1-4175-0855-6,2,1,2023-10-18
Robust responsive throughput,Mrs. Maria Phillips,7,2006,978-0-511-63161-0,1,1,2023-05-29
Integrated logistical product,Mark Baxter,3,2010,978-0-202-14726-0,0,2,2023-07-30
Networked static framework,西村 里佳,8,2012,978-0-8218-9321-0,0,2,2023-09-29
Compatible holistic architecture,Mary Adams,3,2021,978-1-258-68326-9,1,1,2023-07-14
Reverse-engineered value-added database,Linda Henderson,1,2003,978-1-5480-8612-1,2,1,2023-06-01
Implemented bi-directional product,Darren Escobar,5,2014,978-0-444-93066-8,1,1,2023-06-25
Multi-lateral composite service-desk,Krista Montoya,3,1996,978-0-7308-2598-2,1,1,2023-08-03
Assimilated intermediate capacity,山口 健一,2,2013,978-0-14-579484-2,2,1,2023-10-16
Devolved full-range hierarchy,渡辺 太郎,2,1993,978-1-212-81099-1,0,2,2023-11-20
Business-focused coherent architecture,Elaine Lopez,4,1993,978-1-171-51517-3,0,2,2023-08-10
Face-to-face exuding archive,Cindy Foster,8,2011,978-0-86126-152-9,1,1,2023-05-27
Cross-platform encompassing Graphical User Interface,Jonathan Johnson,5,2012,978-0-349-09751-0,1,1,2023-10-11
Pre-emptive tangible core,Benjamin Snyder,3,1987,978-1-67062-899-2,1,1,2023-10-31
Polarized secondary monitoring,山下 直樹,6,2019,978-0-479-56593-4,0,2,2023-10-23
Open-architected systemic Graphic Interface,Philip Rodriguez,2,1995,978-1-5355-9373-1,2,1,2023-10-20
Persevering neutral solution,Wanda Hall,3,2009,978-0-86157-143-7,1,1,2023-08-29
Synchronized intermediate extranet,伊藤 香織,5,2023,978-0-912387-25-3,0,2,2023-09-07
Secured client-server parallelism,Jamie Brewer,6,2011,978-1-954761-73-5,2,1,2023-10-15
Self-enabling 5thgeneration product,Kevin Maldonado,2,2008,978-1-03-275882-4,1,1,2023-05-24
Mandatory dedicated hierarchy,井上 知実,8,1988,978-0-651-46845-9,2,1,2023-06-22
Triple-buffered exuding leverage,小林 京助,4,1997,978-0-557-50710-8,1,1,2023-10-14
Horizontal 24hour neural-net,松本 直人,4,2001,978-0-16-363956-9,0,2,2023-10-10
Distributed content-based info-mediaries,Cheryl Williams,3,1997,978-0-612-26726-8,1,1,2023-10-18
Managed uniform complexity,Donna Melendez,6,2002,978-0-7954-3988-9,1,1,2023-09-03
Open-architected fresh-thinking utilization,橋本 学,1,2015,978-1-211-97836-4,1,1,2023-07-05
Horizontal dedicated adapter,山本 直樹,5,1989,978-0-7238-0068-2,0,2,2023-08-11
Multi-layered content-based strategy,Daniel Jones,5,1988,978-1-872457-89-5,2,1,2023-06-20
Advanced explicit installation,Thomas Anderson,2,2000,978-1-06-619753-8,0,2,2023-08-29
Down-sized optimizing knowledgebase,Scott Gonzalez,6,2018,978-1-69988-083-8,1,1,2023-11-12
Phased multimedia info-mediaries,佐藤 篤司,3,1998,978-0-338-45891-9,0,2,2023-08-27
Exclusive tertiary circuit,Cynthia Nelson,4,2009,978-0-03-195523-4,0,2,2023-10-26
Synergized mission-critical database,田中 拓真,5,1989,978-0-7459-8297-7,2,1,2023-06-14
Multi-tiered uniform support,Thomas Roman,5,1989,978-0-7792-5274-9,0,2,2023-10-10
Quality-focused cohesive data-warehouse,山田 修平,8,2000,978-0-673-76932-9,1,1,2023-07-09
Sharable even-keeled leverage,池田 英樹,8,1982,978-1-86294-479-4,0,2,2023-09-20
Seamless optimizing task-force,池田 英樹,7,1981,978-1-66068-969-9,1,1,2023-09-03
Optional actuating array,森 浩,2,2020,978-0-581-89181-5,2,1,2023-10-26
Total next generation strategy,Albert Scott,8,1981,978-0-503-64761-2,2,1,2023-06-03
Multi-channeled client-server ability,Laura Davis,3,1994,978-1-948983-56-3,2,1,2023-08-09
Seamless explicit throughput,Ricardo Bradley,4,2011,978-1-55303-013-3,1,1,2023-11-22
Visionary systemic support,Shawn Chaney,4,2000,978-0-338-70810-6,1,1,2023-06-25
Adaptive demand-driven groupware,Laura Garcia,6,2007,978-0-06-795253-5,1,1,2023-07-12
Universal user-facing leverage,加藤 知実,2,1989,978-1-951962-43-2,1,1,2023-05-14
Public-key reciprocal flexibility,松本 里佳,1,2016,978-1-85600-325-4,1,1,2023-09-09
Profit-focused disintermediate array,太田 学,2,2021,978-1-243-94691-1,1,1,2023-09-18
Realigned bandwidth-monitored forecast,Lisa Collier,1,1984,978-0-01-788608-8,2,1,2023-05-27
Ergonomic contextually-based software,Daisy Hays,3,1981,978-0-09-494833-4,1,1,2023-07-05
Multi-tiered even-keeled portal,Jacob Bond,1,2009,978-1-07-439284-0,2,1,2023-08-11
Enterprise-wide 3rdgeneration info-mediaries,Lisa Wolfe,2,1988,978-0-458-17023-4,1,1,2023-09-12
Customer-focused impactful approach,松田 修平,6,1985,978-0-7204-9239-2,2,1,2023-11-17
Reverse-engineered explicit encoding,Teresa Cameron,2,1999,978-1-4685-1988-4,1,1,2023-11-17
Persevering 5thgeneration parallelism,Brittany Herrera MD,3,1986,978-0-218-23897-6,2,1,2023-08-10
Optional maximized definition,Jack Lopez,1,2003,978-1-946176-35-6,2,1,2023-09-02
Versatile maximized circuit,木村 舞,3,2001,978-1-382-90131-4,1,1,2023-10-18
Future-proofed homogeneous knowledgebase,Jennifer Brown,2,2012,978-1-62054-736-6,1,1,2023-08-30
Decentralized object-oriented support,佐藤 里佳,2,2012,978-1-908372-24-6,0,2,2023-10-30
Programmable reciprocal complexity,Julie Yates,4,2007,978-0-05-913370-6,2,1,2023-10-04
Seamless solution-oriented architecture,高橋 智也,4,1993,978-1-228-71747-5,0,2,2023-07-18
De-engineered optimal orchestration,鈴木 七夏,5,1984,978-1-357-20579-9,0,2,2023-06-06
Proactive value-added success,Brandi Perkins,5,2007,978-0-206-50805-0,1,1,2023-07-16
Networked eco-centric encoding,吉田 裕樹,5,2000,978-1-4244-8901-5,1,1,2023-08-30
Upgradable human-resource framework,Tami Castro,2,1988,978-0-6489345-9-2,1,1,2023-11-19
Re-engineered directional policy,高橋 洋介,2,1985,978-0-233-06808-4,0,2,2023-06-13
Compatible bi-directional contingency,Peter Turner,3,2005,978-0-278-81898-9,1,1,2023-09-18
Upgradable global customer loyalty,Christine Allen,1,1986,978-1-78621-043-2,1,1,2023-10-18
Business-focused reciprocal open architecture,Mitchell Anderson,5,1997,978-1-152-76990-8,2,1,2023-08-08
Sharable regional capability,Olivia Gonzalez,4,1989,978-1-5048-7908-8,0,2,2023-08-26
Integrated system-worthy alliance,Jennifer Johnson,8,1986,978-0-85467-077-2,1,1,2023-07-01
Self-enabling 4thgeneration model,長谷川 拓真,1,1999,978-0-578-83833-5,1,1,2023-10-19
Adaptive next generation installation,岡田 健一,3,1997,978-1-65313-638-4,2,1,2023-07-31
Distributed client-driven toolset,Tiffany Hester,6,2001,978-0-7566-5132-9,2,1,2023-09-09
Inverse bi-directional contingency,Molly Williams,4,1981,978-1-260-73229-0,1,1,2023-11-19
Innovative demand-driven functionalities,鈴木 聡太郎,1,1988,978-1-312-15228-1,2,1,2023-06-03
Synergized transitional archive,山下 淳,4,2012,978-1-74551-555-4,0,2,2023-10-19
Open-source zero-defect strategy,小林 和也,7,1987,978-0-285-50947-4,2,1,2023-05-30
Intuitive eco-centric workforce,加藤 舞,2,1991,978-1-5021-0185-3,2,1,2023-10-31
Cloned contextually-based algorithm,Mason Thornton,3,2023,978-1-205-12362-6,1,1,2023-06-21
Ameliorated responsive monitoring,Brian Price,7,2002,978-1-06-593226-0,0,2,2023-08-06
Multi-layered incremental throughput,後藤 英樹,6,2017,978-1-82910-040-9,0,2,2023-11-19
Programmable eco-centric extranet,April Stanley,4,2009,978-1-09-274125-5,0,2,2023-10-14
Cross-platform intangible artificial intelligence,遠藤 千代,6,1993,978-1-61952-272-5,0,2,2023-11-22
Digitized well-modulated project,Bryan Walter,8,1980,978-1-167-52985-6,2,1,2023-05-14
Fully-configurable attitude-oriented instruction set,Victor Adams,8,2019,978-1-4675-1514-6,2,1,2023-10-14
Seamless coherent ability,Roger Smith,7,1983,978-1-150-50732-8,1,1,2023-10-18
Synergistic methodical protocol,田中 晃,3,2008,978-0-320-66050-4,0,2,2023-07-13
Horizontal didactic parallelism,井上 裕樹,1,2014,978-1-217-65790-4,1,1,2023-11-03
Devolved content-based portal,Aaron Moore,2,2016,978-0-7732-1038-7,0,2,2023-09-27
Multi-tiered optimizing moratorium,Edward Jordan,3,1999,978-1-133-39149-4,2,1,2023-10-22
Devolved static core,池田 陽子,8,2018,978-1-346-34861-2,2,1,2023-08-02
Customer-focused 24/7 paradigm,長谷川 くみ子,3,2005,978-1-02-143903-1,1,1,2023-07-02
Stand-alone heuristic synergy,鈴木 亮介,4,1984,978-1-61517-070-8,2,1,2023-11-01
Future-proofed multimedia Local Area Network,Nicholas Mendoza,5,2019,978-0-600-44304-9,2,1,2023-10-02
Switchable user-facing budgetary management,清水 直子,4,2001,978-1-09-610204-5,2,1,2023-09-08
Balanced non-volatile alliance,Samuel Davis,8,1983,978-1-5222-6281-7,2,1,2023-10-13
Adaptive full-range adapter,Daniel Elliott,1,2023,978-1-59350-604-9,0,2,2023-09-21
Profound systemic Internet solution,Barbara Lawson,4,1980,978-0-89252-801-1,0,2,2023-09-06
Synergized modular emulation,Adam Meyers,6,2019,978-0-270-10752-4,2,1,2023-06-28
Balanced demand-driven process improvement,Taylor Cunningham,5,2010,978-1-315-09108-2,0,2,2023-07-09
Customer-focused attitude-oriented process improvement,森 太郎,8,2003,978-1-61464-726-3,1,1,2023-06-21
Devolved reciprocal model,松田 洋介,2,2004,978-1-399-55914-0,1,1,2023-06-03
Multi-tiered actuating knowledgebase,Cynthia Rose,3,1985,978-0-04-074310-5,1,1,2023-05-26
Universal foreground capability,Jill Decker,7,2001,978-1-4322-0470-9,0,2,2023-06-16
Versatile zero administration workforce,鈴木 直子,4,2023,978-0-331-89525-4,0,2,2023-09-14
Enhanced tertiary hierarchy,Steven Cole,7,1999,978-1-295-27769-8,1,1,2023-09-11
Progressive fresh-thinking algorithm,Lisa Garcia,6,1997,978-0-569-20059-2,2,1,2023-10-16
Persevering 6thgeneration hub,佐藤 翔太,2,1988,978-1-130-71558-3,1,1,2023-09-10
Optimized tertiary model,村上 結衣,1,2014,978-1-71301-322-8,2,1,2023-05-15
Customer-focused 6thgeneration leverage,佐藤 舞,8,2017,978-1-255-37185-5,0,2,2023-06-12
Managed upward-trending artificial intelligence,Justin Ramos,5,2013,978-0-307-16006-5,0,2,2023-10-06
Exclusive cohesive hierarchy,三浦 香織,2,2009,978-1-4600-3614-3,2,1,2023-05-19
Balanced object-oriented leverage,田中 美加子,1,1988,978-0-459-02331-7,1,1,2023-07-28
Devolved attitude-oriented budgetary management,Samantha Jackson,4,1995,978-1-82700-551-5,1,1,2023-07-20
Organized systemic help-desk,Jessica Newman,4,2021,978-0-12-490577-1,1,1,2023-08-12
Assimilated optimal knowledgebase,松本 あすか,3,2022,978-1-5482-6959-3,1,1,2023-06-14
Multi-layered uniform productivity,加藤 春香,6,1985,978-0-337-40706-2,0,2,2023-08-18
Future-proofed eco-centric flexibility,田中 結衣,1,2022,978-1-58327-541-2,0,2,2023-11-14
Mandatory impactful initiative,佐藤 亮介,6,2012,978-1-9780-6485-0,0,2,2023-07-07
Stand-alone multi-state Graphic Interface,Jonathan Knapp,1,1994,978-0-14-517585-6,0,2,2023-07-10
Networked heuristic emulation,Jack Perez,6,1998,978-1-00-324086-0,2,1,2023-11-16
Proactive intangible conglomeration,松本 稔,1,1989,978-0-655-53065-7,0,2,2023-07-02
Customizable heuristic leverage,山下 治,3,2013,978-1-04-404718-3,0,2,2023-10-13
Re-engineered empowering function,Anthony Floyd,6,2015,978-1-67862-489-7,0,2,2023-08-01
Up-sized human-resource interface,Donald Davis,7,1988,978-1-222-50228-2,1,1,2023-08-26
Switchable 6thgeneration functionalities,佐々木 陽子,7,1980,978-0-276-86983-9,0,2,2023-07-30
Synchronized static toolset,村上 晃,5,2003,978-1-394-74480-0,2,1,2023-07-31
Mandatory didactic challenge,Reginald Roy,2,2017,978-1-363-69142-5,0,2,2023-10-11
Secured value-added focus group,山口 修平,8,1992,978-1-387-56451-4,1,1,2023-09-29
Managed maximized moderator,中村 太一,3,2019,978-1-318-26863-4,2,1,2023-05-20
Balanced system-worthy encoding,Robert Robertson,8,2022,978-1-68495-301-1,0,2,2023-06-02
Secured 4thgeneration firmware,高橋 洋介,2,2001,978-1-116-00699-5,0,2,2023-07-07
Versatile dynamic architecture,高橋 太郎,5,2021,978-0-12-814307-0,0,2,2023-10-13
Grass-roots foreground contingency,藤井 さゆり,3,2002,978-0-447-30740-5,2,1,2023-06-03
Digitized static software,石井 桃子,8,1996,978-0-04-832862-5,0,2,2023-10-08
Profound regional approach,Danielle Thomas,8,2020,978-1-08-981446-7,1,1,2023-11-15
Future-proofed local firmware,山本 淳,1,2004,978-1-5049-4754-1,2,1,2023-11-08
User-friendly fresh-thinking encoding,Julia Simpson,7,1998,978-1-62300-352-4,2,1,2023-07-24
Versatile bifurcated neural-net,三浦 稔,4,2005,978-1-4790-8754-9,0,2,2023-05-22
Pre-emptive systemic Internet solution,佐藤 淳,6,2013,978-0-463-05507-6,2,1,2023-05-13
Extended reciprocal encoding,藤田 陽子,6,2005,978-1-77783-644-3,1,1,2023-06-23
Integrated non-volatile solution,Austin Stanley,7,2015,978-1-233-05492-3,2,1,2023-08-29
Polarized tangible methodology,Angelica Benson,1,1995,978-0-398-41029-2,1,1,2023-11-23
Optimized cohesive monitoring,Cindy Gonzales,8,1990,978-0-250-75523-3,0,2,2023-08-28
Robust optimizing system engine,山本 和也,6,1993,978-0-623-33723-3,0,2,2023-06-27
User-centric zero tolerance methodology,小林 智也,6,2015,978-1-82445-312-8,1,1,2023-10-09
Ameliorated local software,Devin Moore,1,2018,978-1-78714-550-4,1,1,2023-05-17
Team-oriented client-server Graphical User Interface,Michelle Logan,8,2004,978-0-532-70988-6,0,2,2023-08-08
Focused bandwidth-monitored database,佐藤 翼,8,1996,978-0-11-019914-6,1,1,2023-09-25
Object-based stable moderator,斉藤 里佳,5,1982,978-1-4698-9022-7,0,2,2023-09-03
Persistent bottom-line success,鈴木 千代,4,1994,978-1-5238-5398-4,2,1,2023-07-18
Phased 5thgeneration extranet,Michael Hernandez,4,1994,978-1-4471-3094-9,1,1,2023-10-17
Public-key upward-trending moderator,Julia Avery,5,2022,978-0-361-06342-5,0,2,2023-10-25
Enterprise-wide optimal model,鈴木 明美,8,2015,978-1-914336-68-3,2,1,2023-11-06
Optimized coherent product,斎藤 加奈,8,2006,978-1-4512-4821-0,1,1,2023-09-17
Open-architected clear-thinking approach,Jeffrey Banks,4,1986,978-1-921382-22-2,1,1,2023-07-08
Balanced systematic functionalities,後藤 太郎,1,2023,978-0-85900-555-5,2,1,2023-06-25
Down-sized multimedia paradigm,Kelsey Montes,7,1987,978-1-252-65768-6,0,2,2023-10-12
Exclusive encompassing instruction set,Joel King,2,1991,978-0-929009-20-9,1,1,2023-09-16
Networked system-worthy forecast,Jamie Luna,3,1997,978-0-00-671269-5,1,1,2023-07-07
Open-architected background groupware,鈴木 和也,4,2009,978-1-323-62323-7,1,1,2023-06-11
Switchable value-added knowledgebase,Kristen Hernandez,6,1998,978-0-456-85768-7,2,1,2023-06-09
Stand-alone solution-oriented portal,渡辺 直子,6,2010,978-0-577-22258-6,2,1,2023-11-12
Expanded stable process improvement,坂本 加奈,1,1987,978-1-68290-557-9,1,1,2023-08-04
Optimized multi-state moratorium,Margaret Mckenzie,8,2005,978-0-693-72298-4,1,1,2023-05-29
Cross-platform directional open system,佐々木 あすか,3,1989,978-0-231-85406-1,0,2,2023-11-12
Reactive didactic definition,Daniel James,3,1985,978-1-215-55768-8,0,2,2023-07-30
De-engineered solution-oriented help-desk,岡本 英樹,5,2007,978-0-04-379445-6,1,1,2023-05-24
Progressive zero-defect hub,小川 太郎,1,1994,978-1-00-571011-8,1,1,2023-11-13
Realigned asymmetric help-desk,池田 康弘,2,2023,978-0-631-11152-8,0,2,2023-05-13
Total context-sensitive groupware,伊藤 幹,6,1990,978-1-146-74583-3,2,1,2023-05-31
Monitored exuding Graphic Interface,Raven Barr,1,2019,978-0-260-19411-4,1,1,2023-08-29
Virtual attitude-oriented policy,Brian Adams,1,2017,978-1-04-783032-4,1,1,2023-07-25
De-engineered holistic middleware,Michael Chen,3,1995,978-1-294-38524-0,1,1,2023-08-28
Assimilated directional focus group,Deborah Wallace,5,2021,978-1-298-72695-7,1,1,2023-07-18
Switchable optimizing success,Jennifer Barrett,1,2003,978-1-940914-06-0,2,1,2023-08-27
Multi-layered zero-defect concept,小林 香織,4,2022,978-0-424-75064-4,2,1,2023-11-17
Self-enabling object-oriented functionalities,Ronald Pena,5,1992,978-1-326-16367-9,2,1,2023-09-06
Switchable exuding throughput,Don Medina,3,1991,978-0-87637-512-9,0,2,2023-05-27
Phased tangible process improvement,Joseph Lopez,8,2017,978-1-998086-50-4,1,1,2023-08-01
Public-key leadingedge implementation,Matthew Johnson,2,2017,978-0-01-267819-0,1,1,2023-07-30
Expanded uniform toolset,山口 亮介,8,1985,978-0-549-55457-8,2,1,2023-06-07
Enhanced intangible structure,佐藤 里佳,1,2022,978-0-232-29334-0,2,1,2023-07-12
Progressive holistic adapter,佐藤 加奈,6,1981,978-1-950608-48-5,0,2,2023-05-27
Reactive demand-driven service-desk,清水 舞,1,1992,978-0-934474-49-8,2,1,2023-06-02
Self-enabling client-server interface,Stacey Mendoza,7,2010,978-0-12-697257-3,2,1,2023-10-11
Visionary transitional info-mediaries,Travis Wise,7,1981,978-1-01-130734-0,0,2,2023-08-28
Optional well-modulated hardware,Lisa Pennington,1,2014,978-1-312-69677-8,2,1,2023-08-07
Synergized dynamic functionalities,斉藤 直子,8,1996,978-0-402-40475-0,1,1,2023-10-30
Horizontal tangible hardware,田中 知実,1,2013,978-0-281-31510-9,0,2,2023-06-06
Proactive content-based hardware,田中 千代,1,1990,978-1-02-882227-0,0,2,2023-10-24
Proactive 5thgeneration installation,山本 知実,4,2004,978-0-632-91157-8,2,1,2023-10-19
De-engineered scalable knowledge user,伊藤 千代,7,1988,978-0-315-73001-4,0,2,2023-10-07
Streamlined full-range task-force,Steve King,6,2019,978-0-7878-8056-9,2,1,2023-07-05
Team-oriented discrete hierarchy,Raymond Lee,7,1989,978-1-4203-2786-1,1,1,2023-07-20
Synchronized eco-centric system engine,John Johnson,2,2016,978-0-14-786338-6,1,1,2023-09-19
Virtual responsive capacity,渡辺 拓真,1,2007,978-0-328-93924-4,2,1,2023-11-03
Multi-layered disintermediate contingency,Robert Ryan,6,2003,978-1-894403-77-1,2,1,2023-06-18
Versatile 4thgeneration implementation,山本 さゆり,2,2022,978-1-968235-48-2,2,1,2023-05-30
Cross-group multimedia Internet solution,Paul Lucas,3,2017,978-0-254-47996-8,1,1,2023-06-10
Realigned eco-centric time-frame,Michael Sandoval,4,1981,978-1-245-44916-8,2,1,2023-08-28
Future-proofed scalable matrices,Hannah Jones,2,2016,978-0-14-959227-7,1,1,2023-07-23
Team-oriented bottom-line throughput,木村 裕美子,7,1991,978-1-72827-979-4,0,2,2023-07-23
User-centric 4thgeneration utilization,山本 加奈,1,2021,978-1-78604-713-7,0,2,2023-07-07
Balanced disintermediate circuit,Mark Moran,1,1999,978-0-04-734762-7,0,2,2023-08-22
Adaptive actuating help-desk,佐々木 智也,6,2004,978-0-02-928240-3,2,1,2023-09-21
Expanded didactic leverage,松本 和也,2,1987,978-0-682-88138-8,1,1,2023-07-12
Focused global moratorium,山口 春香,4,2013,978-1-330-79742-6,2,1,2023-06-19
Synergized 3rdgeneration solution,Heather Henderson,8,2022,978-1-365-55862-7,1,1,2023-07-17
Optional composite knowledge user,James White,7,1983,978-0-947135-99-7,1,1,2023-08-02
Implemented content-based intranet,鈴木 美加子,6,2007,978-0-210-03598-6,1,1,2023-06-27
Synergistic bottom-line frame,阿部 明美,6,1994,978-0-9872097-9-5,0,2,2023-08-27
Extended neutral productivity,Brett Kelley,3,2013,978-1-254-29993-8,0,2,2023-09-14
Re-engineered eco-centric artificial intelligence,Kenneth Acevedo,3,2016,978-0-7015-6382-0,0,2,2023-09-02
Monitored content-based system engine,Randy Cohen,2,2015,978-0-282-22429-5,1,1,2023-11-15
Horizontal clear-thinking knowledge user,Jamie Decker,4,2005,978-1-179-12175-8,0,2,2023-06-06
Networked eco-centric leverage,Elizabeth Lee,3,1981,978-0-04-493701-2,2,1,2023-10-10
Persistent responsive superstructure,Emily Smith,2,1989,978-0-09-382484-4,0,2,2023-10-24
Team-oriented intermediate leverage,Margaret Klein,2,2017,978-0-07-345201-2,0,2,2023-06-26
Extended disintermediate circuit,森 あすか,8,1980,978-0-02-152700-7,0,2,2023-09-29
Grass-roots high-level infrastructure,渡辺 千代,2,1985,978-0-426-74122-0,0,2,2023-08-19
Digitized 4thgeneration database,鈴木 幹,6,2015,978-1-143-72603-3,2,1,2023-11-11
Up-sized next generation groupware,井上 智也,6,1996,978-0-597-87607-3,1,1,2023-07-10
Exclusive real-time orchestration,阿部 明美,3,2018,978-0-293-06070-7,0,2,2023-10-30
Fundamental web-enabled Graphic Interface,Amanda Marshall,7,2018,978-1-74136-157-5,0,2,2023-07-17
Synergistic real-time emulation,Katherine Bailey,7,1982,978-1-111-67956-9,1,1,2023-09-07
Secured 4thgeneration strategy,山本 里佳,7,2006,978-0-9545877-2-7,0,2,2023-09-09
Re-contextualized radical frame,遠藤 裕樹,8,2006,978-0-626-43171-6,1,1,2023-08-10
Automated multi-state service-desk,Stephanie Clay,5,1982,978-1-5373-9647-7,1,1,2023-11-05
Inverse zero-defect projection,山田 亮介,4,2006,978-0-528-57369-9,0,2,2023-11-21
Right-sized zero tolerance workforce,青木 裕樹,6,2009,978-0-10-497460-5,2,1,2023-08-01
Secured didactic monitoring,Pamela Foley,1,1990,978-1-80704-359-9,1,1,2023-10-20
Expanded uniform access,Jermaine Nielsen,4,2007,978-1-278-28168-1,0,2,2023-09-17
Stand-alone composite application,Christopher Ingram,6,2010,978-0-218-25576-8,0,2,2023-10-28
Networked responsive strategy,Brian Barnett,6,2002,978-1-961319-88-2,1,1,2023-09-20
Persistent empowering middleware,Robert Campbell,7,2022,978-1-02-144670-1,1,1,2023-06-15
Proactive mission-critical instruction set,Lydia Ortiz,5,1993,978-0-7004-3047-5,0,2,2023-11-07
Multi-layered bandwidth-monitored orchestration,山崎 春香,2,1992,978-0-06-995128-4,0,2,2023-10-12
Networked next generation toolset,Patrick Morris,5,2004,978-0-00-962624-1,0,2,2023-06-09
Function-based needs-based knowledge user,松本 陽一,4,2017,978-0-10-175314-2,0,2,2023-08-20
Multi-lateral dedicated challenge,Natalie Burke,3,1988,978-0-274-85001-3,2,1,2023-10-02
Profound maximized system engine,岡田 明美,4,2014,978-0-502-43018-5,2,1,2023-07-03
Implemented intangible flexibility,藤井 花子,8,2020,978-0-89938-757-4,0,2,2023-11-11
Diverse dynamic success,林 聡太郎,3,2009,978-1-4145-4440-3,1,1,2023-05-19
Innovative composite matrix,高橋 くみ子,7,2010,978-0-605-00656-0,1,1,2023-10-09
Networked foreground initiative,伊藤 千代,5,2015,978-0-608-02567-4,2,1,2023-10-23
Expanded coherent data-warehouse,山口 加奈,8,1986,978-0-05-666538-5,0,2,2023-08-04
Open-architected 3rdgeneration initiative,中村 千代,7,1982,978-0-08-831404-6,2,1,2023-06-23
Realigned high-level secured line,小川 直人,4,1984,978-1-68792-612-8,2,1,2023-06-08
Streamlined didactic firmware,佐藤 くみ子,6,2014,978-1-223-14842-7,0,2,2023-05-13
Triple-buffered 24hour installation,加藤 直子,7,2003,978-0-8280-1991-0,1,1,2023-09-16
Exclusive logistical support,Anthony Myers,4,1997,978-0-444-77191-9,1,1,2023-11-13
Exclusive empowering paradigm,Allison Johns,6,2001,978-1-879728-65-3,2,1,2023-08-08
Enterprise-wide composite adapter,Brent West,7,2012,978-1-4010-9941-1,2,1,2023-05-29
Ergonomic directional model,Tasha Pena,6,2008,978-1-06-441303-6,1,1,2023-08-21
Streamlined exuding info-mediaries,清水 七夏,8,1985,978-0-05-886392-5,1,1,2023-11-19
User-friendly context-sensitive monitoring,Cassandra Holden,8,1993,978-1-63129-701-4,2,1,2023-08-23
Self-enabling global benchmark,松本 健一,6,2023,978-0-9660544-9-1,1,1,2023-10-09
Up-sized neutral adapter,木村 七夏,7,1998,978-0-7989-4539-4,2,1,2023-11-19
Organic non-volatile throughput,Sharon Green,6,2001,978-0-13-974611-6,0,2,2023-07-04
Self-enabling 6thgeneration Internet solution,Margaret Kelly,8,1991,978-0-06-016049-4,2,1,2023-08-20
Visionary intangible access,Mary Wright,8,1982,978-1-83869-603-0,2,1,2023-06-23
Cross-group contextually-based toolset,佐藤 あすか,4,2006,978-0-8063-6320-2,1,1,2023-10-25
Ameliorated client-server forecast,William Eaton,1,2022,978-0-19-093513-9,0,2,2023-05-31
Secured system-worthy functionalities,Christine Foley,2,2006,978-1-936080-60-1,2,1,2023-11-06
Networked next generation infrastructure,加藤 桃子,7,2000,978-0-916802-61-5,0,2,2023-09-22
Face-to-face object-oriented attitude,山田 千代,3,1981,978-1-939227-03-4,2,1,2023-06-24
Switchable maximized process improvement,田中 春香,4,2009,978-0-410-81948-5,2,1,2023-06-12
Mandatory human-resource knowledgebase,Tyler Ewing,4,2007,978-1-59388-962-3,1,1,2023-10-30
Triple-buffered homogeneous architecture,Amanda Barrett,8,1985,978-0-9568763-0-0,1,1,2023-08-18
Cross-platform mission-critical complexity,田中 聡太郎,7,1996,978-0-236-06847-0,0,2,2023-08-09
Virtual web-enabled leverage,山田 加奈,1,1995,978-0-86656-474-8,2,1,2023-08-21
Cross-group 5thgeneration model,Nicole Johnston,4,2020,978-1-03-507683-3,1,1,2023-07-12
Vision-oriented grid-enabled task-force,伊藤 陽子,8,2021,978-0-7220-3093-6,1,1,2023-06-19
Realigned responsive extranet,Casey Henderson,3,2005,978-0-594-94654-0,1,1,2023-08-26
Seamless mobile encoding,Jennifer Graves,4,2008,978-1-69859-419-4,0,2,2023-11-12
Grass-roots asynchronous customer loyalty,Kenneth Martinez,4,2000,978-1-5132-0136-8,0,2,2023-07-11
Up-sized value-added protocol,橋本 千代,4,1987,978-0-919126-20-6,1,1,2023-11-15
Pre-emptive eco-centric project,Sara Gilbert,3,2022,978-0-8083-1609-1,2,1,2023-06-01
Decentralized actuating project,Donna Rivera,8,2014,978-0-244-13867-7,0,2,2023-09-12
Multi-lateral zero tolerance monitoring,石川 洋介,7,2003,978-0-418-53711-4,2,1,2023-10-21
Public-key 24/7 knowledge user,高橋 洋介,5,2017,978-1-9753-3044-6,0,2,2023-10-28
Innovative needs-based orchestration,James Neal,8,2023,978-1-65665-377-2,0,2,2023-07-22
Persevering client-driven firmware,井上 加奈,6,1998,978-0-452-26748-0,0,2,2023-09-22
Streamlined zero administration support,佐々木 修平,6,1996,978-0-283-16474-3,2,1,2023-07-14
Virtual upward-trending infrastructure,林 聡太郎,4,1990,978-1-5473-3216-8,1,1,2023-09-18
Public-key global parallelism,Angela Velez,8,2009,978-1-5489-0225-4,2,1,2023-11-11
Secured multi-tasking workforce,小林 拓真,7,1994,978-1-5406-5823-4,2,1,2023-06-08
Public-key heuristic project,Ralph Weiss,3,2019,978-1-168-97574-4,0,2,2023-10-23
User-friendly modular matrices,Rebecca Briggs,6,1994,978-1-930163-38-6,0,2,2023-06-20
Total intermediate groupware,Joy Morgan DDS,5,1993,978-1-183-50955-9,1,1,2023-07-04
Synchronized systematic moderator,佐藤 加奈,2,2016,978-0-9518628-0-3,1,1,2023-10-04
Intuitive demand-driven focus group,中村 直子,7,2015,978-1-261-54704-6,2,1,2023-05-27
De-engineered incremental forecast,Donna Campbell,2,2013,978-1-948905-91-6,0,2,2023-09-09
Enhanced high-level software,Sandra Gomez,5,1996,978-0-561-67833-7,0,2,2023-08-27
Multi-lateral global neural-net,Bryan Miller,3,1996,978-1-244-26352-9,2,1,2023-06-04
Fundamental maximized software,佐々木 篤司,1,1984,978-0-231-06118-6,2,1,2023-06-04
Open-source bifurcated open system,Christina Edwards,4,1999,978-0-7309-2426-5,0,2,2023-09-12
User-friendly hybrid data-warehouse,中島 花子,8,1998,978-1-9845-4495-7,2,1,2023-11-10
Multi-layered value-added forecast,Kara Baker,8,2017,978-0-429-93611-1,1,1,2023-08-26
Reduced foreground complexity,佐藤 充,4,2015,978-0-16-800404-1,2,1,2023-10-08
Vision-oriented tertiary solution,田中 修平,4,1991,978-1-114-42303-9,0,2,2023-10-06
Optional motivating flexibility,山本 結衣,5,2006,978-1-00-654725-6,2,1,2023-06-20
Re-contextualized 3rdgeneration forecast,中村 加奈,2,2017,978-0-264-69468-9,2,1,2023-07-03
Innovative discrete secured line,山本 香織,4,2006,978-1-362-15290-3,2,1,2023-10-25
Total systemic system engine,渡辺 京助,8,1988,978-0-02-843199-4,0,2,2023-07-30
User-friendly value-added core,Kathleen Boyd,2,1984,978-0-05-383454-8,1,1,2023-06-23
Profit-focused needs-based encryption,鈴木 美加子,3,1992,978-0-03-583373-6,2,1,2023-06-16
Exclusive non-volatile alliance,池田 稔,7,1992,978-1-357-98110-5,0,2,2023-07-11
Cloned global initiative,Craig Bell,3,1999,978-1-192-09997-3,0,2,2023-09-06
Networked demand-driven methodology,Pamela Brown,6,2019,978-0-09-415403-2,1,1,2023-11-22
Team-oriented actuating utilization,John Robles,3,2021,978-0-03-559606-8,2,1,2023-06-01
User-friendly bottom-line approach,Dr. Robert Williams,2,1988,978-0-10-358023-4,2,1,2023-07-18
Expanded user-facing hardware,Lauren Burns,2,1983,978-0-306-18026-2,0,2,2023-11-13
Future-proofed 4thgeneration instruction set,太田 加奈,1,2019,978-0-513-56129-8,0,2,2023-07-14
Adaptive background secured line,Hannah Guzman,5,1997,978-0-264-81923-5,1,1,2023-06-15
Distributed needs-based open system,吉田 治,5,2012,978-0-14-555470-5,1,1,2023-09-05
Total directional middleware,松本 明美,1,2014,978-0-14-764771-9,0,2,2023-09-08
Seamless discrete access,中島 充,4,2011,978-1-162-62211-8,2,1,2023-08-12
Mandatory explicit middleware,Melinda Young,6,1982,978-0-438-60645-6,2,1,2023-10-21
Open-source background strategy,Robin Franklin,2,1986,978-1-286-69018-5,0,2,2023-08-31
Profound zero-defect portal,岡田 太郎,8,1984,978-1-141-40677-7,1,1,2023-10-28
Synchronized well-modulated emulation,木村 直子,2,1993,978-0-547-99208-2,1,1,2023-09-23
Multi-tiered eco-centric circuit,鈴木 美加子,6,1999,978-0-458-48510-9,1,1,2023-07-06
Polarized zero-defect analyzer,松本 桃子,2,2006,978-1-318-18048-6,0,2,2023-11-01
Inverse dynamic definition,岡本 太郎,8,2022,978-0-489-92025-9,2,1,2023-08-14
Face-to-face foreground alliance,Robert White,3,2012,978-1-173-91091-4,1,1,2023-08-27
Re-contextualized context-sensitive knowledge user,Charles Ortiz,3,1982,978-0-241-13653-9,2,1,2023-10-12
Open-source exuding array,Julie Horton,1,2002,978-1-82073-724-6,1,1,2023-10-22
Triple-buffered coherent Graphic Interface,Joe Davis,1,2012,978-1-247-54396-3,2,1,2023-09-14
Reverse-engineered didactic migration,井上 零,6,2002,978-0-7008-3762-5,0,2,2023-07-30
Team-oriented secondary approach,渡辺 さゆり,1,2018,978-1-77737-046-6,1,1,2023-11-17
Right-sized full-range challenge,Manuel Sweeney,8,2012,978-1-322-24506-5,2,1,2023-06-19
Progressive optimizing software,Mrs. Hannah Macias MD,6,2010,978-0-254-92616-5,0,2,2023-10-01
Focused neutral array,福田 学,8,2014,978-1-77936-822-5,2,1,2023-09-08
Business-focused tertiary algorithm,Patrick Rodriguez,4,1982,978-0-12-168684-0,2,1,2023-08-08
Open-source zero tolerance secured line,Nicholas Olsen,1,2022,978-1-64738-177-6,2,1,2023-10-03
Multi-layered even-keeled support,Lacey Torres,1,2017,978-1-74939-951-8,1,1,2023-10-26
Fully-configurable real-time standardization,Wayne Giles,7,2019,978-1-338-82259-5,0,2,2023-08-04
Cross-group fault-tolerant middleware,渡辺 裕美子,3,1988,978-0-426-48698-5,1,1,2023-07-29
Future-proofed bandwidth-monitored database,Steven Andersen,5,1990,978-0-87795-795-9,2,1,2023-11-02
Synchronized holistic firmware,Nicole Graham,5,1990,978-0-7618-3908-8,0,2,2023-11-17
Progressive multi-tasking artificial intelligence,Christopher Mckenzie,4,2020,978-0-7825-3280-7,2,1,2023-07-14
Stand-alone user-facing array,Sheila Malone,6,1998,978-1-945392-93-1,1,1,2023-10-03
De-engineered zero-defect budgetary management,Hunter Hansen,8,2014,978-1-4749-9192-6,0,2,2023-06-07
Seamless asymmetric toolset,Danielle Vincent,5,2022,978-1-86756-031-9,2,1,2023-08-12
Fundamental bifurcated methodology,佐藤 桃子,2,1992,978-0-634-52776-0,0,2,2023-11-14
Grass-roots bifurcated Graphical User Interface,Terry Warren,7,1985,978-1-9770-0625-7,0,2,2023-06-08
Re-engineered zero administration access,阿部 学,4,2008,978-0-278-93117-6,1,1,2023-05-14
Fundamental fault-tolerant policy,伊藤 太郎,6,2014,978-1-4292-9571-0,0,2,2023-10-28
Realigned 3rdgeneration capacity,Lindsey Scott,5,1988,978-1-62110-419-3,0,2,2023-06-01
Ergonomic bottom-line architecture,高橋 結衣,5,2016,978-0-309-36828-5,0,2,2023-05-21
Switchable system-worthy algorithm,Ronald Lewis,6,2007,978-0-626-81001-6,0,2,2023-11-06
Digitized local framework,中島 涼平,4,1983,978-1-60494-492-1,0,2,2023-07-23
Assimilated encompassing system engine,山本 香織,3,2014,978-1-869817-75-6,1,1,2023-08-29
Balanced systematic capacity,山崎 直人,6,2023,978-1-121-89251-4,2,1,2023-11-18
Decentralized well-modulated open architecture,Loretta Crawford,2,2014,978-0-281-74867-9,1,1,2023-09-04
Face-to-face holistic Local Area Network,山本 幹,1,2003,978-0-915276-17-2,1,1,2023-05-25
Synergized asynchronous encoding,Robert Stafford,1,2005,978-0-249-75681-4,2,1,2023-05-17
Progressive coherent open architecture,Dorothy Gutierrez,2,1993,978-0-7463-3620-5,0,2,2023-09-20
Upgradable uniform time-frame,Christopher Murphy,7,2019,978-0-344-30782-9,1,1,2023-10-29
Digitized discrete open architecture,Amanda Scott,4,2011,978-1-67627-883-2,0,2,2023-07-03
Streamlined systemic paradigm,後藤 直子,6,1989,978-0-7050-4059-4,1,1,2023-06-09
Managed full-range algorithm,Jessica Huber,6,2018,978-1-4671-8301-7,2,1,2023-06-29
Open-source real-time leverage,高橋 亮介,2,2010,978-0-9741644-5-8,0,2,2023-08-22
Inverse intangible time-frame,坂本 翼,1,2021,978-0-7909-0433-7,0,2,2023-08-01
Organic clear-thinking product,山口 花子,8,2007,978-1-349-03612-7,2,1,2023-09-20
Cloned national data-warehouse,Maria Allison,5,1994,978-0-900008-17-7,0,2,2023-07-28
Adaptive hybrid synergy,Catherine Downs,7,2008,978-0-367-93908-3,2,1,2023-07-25
Cross-platform secondary frame,佐藤 七夏,3,2014,978-0-85043-554-2,2,1,2023-06-10
Optional discrete array,Tonya Ryan,3,2003,978-1-00-098002-8,2,1,2023-08-17
Profound real-time capacity,中村 京助,4,2003,978-1-69817-382-5,0,2,2023-10-13
Polarized fault-tolerant Graphical User Interface,Mary Allison,7,1985,978-0-7456-0090-1,2,1,2023-09-30
Down-sized multimedia software,Steven Baldwin,1,1983,978-0-551-29511-7,2,1,2023-09-14
Extended actuating encryption,池田 真綾,2,2023,978-1-349-17865-0,0,2,2023-07-23
Advanced stable knowledge user,Lisa Bennett,1,2022,978-1-86275-006-7,0,2,2023-07-15
Optional clear-thinking infrastructure,高橋 舞,7,2023,978-1-66817-530-9,2,1,2023-06-09
Customer-focused object-oriented help-desk,Wanda Moran,5,1988,978-0-919961-16-6,1,1,2023-10-14
Digitized motivating challenge,坂本 香織,2,1986,978-1-322-87314-5,1,1,2023-10-27
Streamlined bottom-line leverage,山田 稔,3,1983,978-0-7298-3099-7,2,1,2023-09-09
Progressive hybrid knowledge user,Kathleen Trujillo,4,2005,978-1-5297-5413-1,0,2,2023-07-15
Switchable contextually-based knowledgebase,石川 春香,3,2013,978-0-555-90626-2,1,1,2023-07-18
Assimilated clear-thinking instruction set,佐々木 里佳,5,1992,978-0-7105-8812-8,0,2,2023-09-26
Multi-tiered discrete firmware,Raven Hayes,8,1985,978-1-85768-012-6,0,2,2023-06-17
Robust systemic matrices,Terry Dickson,1,2000,978-1-78769-884-0,0,2,2023-05-18
Organized web-enabled encryption,Samantha Solis,5,2001,978-1-344-60551-9,0,2,2023-07-09
User-friendly 3rdgeneration forecast,Amy Wagner,5,1983,978-1-233-00117-0,1,1,2023-06-26
Synergized discrete workforce,David Johnson,4,1984,978-1-63296-034-4,0,2,2023-08-07
Sharable scalable model,Maria Schultz,4,2010,978-0-7529-3943-8,1,1,2023-09-29
Streamlined empowering model,Lynn Irwin,8,1983,978-0-14-672493-0,2,1,2023-10-30
Persevering system-worthy hub,山口 充,8,1983,978-0-8027-8294-6,0,2,2023-07-26
Ergonomic multimedia process improvement,井上 浩,2,2018,978-0-00-149409-1,1,1,2023-06-05
Integrated value-added process improvement,高橋 京助,5,1998,978-1-361-95042-5,0,2,2023-09-02
Pre-emptive user-facing instruction set,Christopher Black,2,1986,978-0-03-813302-4,2,1,2023-06-24
Synchronized regional projection,Eric Walker,3,1994,978-1-81671-922-5,2,1,2023-08-15
Re-contextualized web-enabled infrastructure,藤井 真綾,1,2000,978-0-8317-8365-5,1,1,2023-06-30
Adaptive discrete moratorium,James Swanson,8,2003,978-1-80141-781-5,0,2,2023-07-19
Synergized clear-thinking initiative,Andrew Cooke,1,1997,978-1-874507-29-1,1,1,2023-07-03
Monitored stable access,Christopher Walker,4,2011,978-1-09-176946-5,1,1,2023-06-01
Customizable directional structure,Darrell Davis,7,2003,978-1-4466-3262-8,0,2,2023-06-09
Vision-oriented uniform system engine,斎藤 淳,3,1985,978-0-226-78291-1,1,1,2023-08-20
Enhanced exuding extranet,Jessica Riley,6,2016,978-0-589-50340-6,1,1,2023-06-07
Enhanced systematic encryption,橋本 健一,8,2019,978-1-85937-383-5,0,2,2023-09-27
Intuitive impactful encryption,中村 舞,3,2022,978-1-892291-44-8,1,1,2023-09-17
Managed discrete utilization,Karen Conner,6,2015,978-1-71162-654-3,1,1,2023-11-04
Intuitive scalable throughput,小川 涼平,4,1994,978-1-935251-06-4,2,1,2023-06-30
Cloned bottom-line monitoring,近藤 里佳,3,2020,978-0-04-356666-4,2,1,2023-09-12
Open-source composite Internet solution,Anthony Hunter,7,2011,978-1-905361-86-1,2,1,2023-11-03
Expanded methodical archive,清水 翼,3,2008,978-0-00-368592-3,1,1,2023-07-21
Ameliorated 3rdgeneration model,高橋 陽一,5,2005,978-1-68790-314-3,1,1,2023-11-22
Ergonomic systematic secured line,小川 零,6,1997,978-0-367-57792-6,2,1,2023-06-23
Quality-focused maximized firmware,藤原 裕美子,5,2003,978-1-75019-556-7,1,1,2023-06-09
Polarized hybrid contingency,Thomas Johnson,3,2019,978-0-201-61186-1,2,1,2023-11-04
Quality-focused 24hour analyzer,池田 知実,7,2004,978-0-01-069999-9,2,1,2023-07-19
Enterprise-wide didactic artificial intelligence,小林 学,4,2016,978-0-392-96120-2,1,1,2023-06-15
Persistent empowering policy,岡田 裕美子,1,1987,978-0-235-50158-9,0,2,2023-05-31
Open-architected demand-driven contingency,井上 淳,4,1984,978-1-55520-846-2,0,2,2023-07-04
Customer-focused modular budgetary management,Lisa Medina,3,1985,978-0-7823-1926-2,2,1,2023-10-04
Open-architected local ability,斉藤 幹,4,1992,978-1-304-21935-0,0,2,2023-05-12
Object-based 3rdgeneration customer loyalty,近藤 裕太,5,2013,978-1-75213-893-7,0,2,2023-09-21
Advanced 4thgeneration success,田中 裕樹,4,1990,978-1-60908-458-5,0,2,2023-10-23
Persistent human-resource methodology,Kristen Leblanc,6,2010,978-1-212-63993-6,2,1,2023-08-02
Universal leadingedge analyzer,Alexandria Powers,6,1993,978-0-632-15473-9,1,1,2023-10-28
Reactive hybrid infrastructure,山田 康弘,2,2023,978-1-4654-6410-1,0,2,2023-10-08
Focused holistic contingency,Andrea Webster,8,1992,978-1-57762-916-0,2,1,2023-05-27
Innovative even-keeled array,山口 幹,2,2006,978-0-286-69679-1,0,2,2023-10-23
Profit-focused multi-state frame,村上 結衣,3,2021,978-0-507-33309-2,2,1,2023-09-12
Realigned maximized intranet,橋本 くみ子,3,2020,978-1-9740-4579-2,2,1,2023-08-15
Cross-group secondary contingency,田中 裕太,2,2018,978-1-145-96139-5,0,2,2023-07-16
Synergistic regional archive,Elizabeth Walls,3,2017,978-0-8454-7510-2,2,1,2023-11-14
Versatile modular contingency,Adriana Moore,2,2003,978-1-993098-64-9,2,1,2023-10-11
Diverse actuating analyzer,前田 直子,3,2014,978-1-271-74299-8,2,1,2023-10-18
Adaptive contextually-based middleware,Cory Hanson,7,1999,978-1-60601-286-4,0,2,2023-09-03
Enterprise-wide local function,Nathan Cantrell,3,1987,978-1-63548-260-7,2,1,2023-10-18
Self-enabling 6thgeneration capability,近藤 桃子,2,2018,978-1-57100-408-6,1,1,2023-06-02
Stand-alone mobile framework,池田 篤司,6,1987,978-0-15-887780-8,2,1,2023-06-12
Robust mobile conglomeration,遠藤 七夏,5,1981,978-1-78937-919-8,1,1,2023-11-16
Universal logistical orchestration,Samuel Klein,5,2013,978-0-07-555502-5,1,1,2023-10-08
Cloned multi-tasking core,池田 修平,2,1985,978-1-71439-431-9,2,1,2023-07-27
Face-to-face clear-thinking alliance,伊藤 京助,7,2023,978-1-159-57583-0,0,2,2023-10-27
Realigned impactful strategy,佐藤 零,2,1998,978-0-16-583247-0,0,2,2023-06-10
Extended tangible approach,佐々木 陽子,5,1986,978-1-371-59728-3,0,2,2023-06-20
Enhanced maximized budgetary management,山口 智也,5,2016,978-0-85165-292-4,1,1,2023-08-22
Multi-layered multi-state methodology,佐藤 七夏,4,2003,978-1-179-25369-5,0,2,2023-07-06
Stand-alone cohesive moderator,Tamara Potter,1,1986,978-1-137-17580-9,2,1,2023-10-23
User-centric modular encryption,Travis Morales,6,2007,978-0-7771-0845-1,1,1,2023-07-20
Mandatory transitional data-warehouse,Robert Jackson,7,1999,978-1-136-76263-5,1,1,2023-05-13
Versatile exuding open system,藤井 直子,6,1991,978-0-08-313052-8,0,2,2023-09-27
Ameliorated even-keeled methodology,Steven Crosby,2,1991,978-1-4403-1323-3,0,2,2023-05-23
Exclusive secondary framework,山田 翼,1,1998,978-0-9964737-4-3,2,1,2023-10-02
Enterprise-wide disintermediate customer loyalty,森 健一,7,2020,978-0-08-021876-2,2,1,2023-10-30
Object-based discrete algorithm,岡田 結衣,1,1989,978-0-219-06510-6,1,1,2023-11-07
Devolved methodical open system,John Steele,7,1999,978-0-07-188376-4,2,1,2023-11-18
Right-sized scalable implementation,Richard Smith,7,2020,978-0-658-37424-1,1,1,2023-06-11
Exclusive multimedia concept,松田 翔太,4,1996,978-0-680-01966-0,1,1,2023-10-29
Future-proofed non-volatile toolset,John Stewart,8,2020,978-1-07-206447-3,1,1,2023-11-03
De-engineered background moderator,Michelle Shannon,4,2012,978-0-12-326584-5,1,1,2023-06-20
Expanded mission-critical Local Area Network,遠藤 英樹,4,1980,978-1-5008-6405-7,0,2,2023-09-15
Persistent 4thgeneration function,藤田 和也,3,2004,978-1-100-05023-2,1,1,2023-11-06
Innovative value-added adapter,Terri Miranda,5,2006,978-1-03-027124-0,2,1,2023-05-29
Future-proofed incremental toolset,松本 さゆり,3,2001,978-1-964325-78-1,1,1,2023-07-01
Extended eco-centric firmware,Justin Tucker,5,1998,978-0-88368-694-2,2,1,2023-08-20
Visionary encompassing capability,池田 治,4,1981,978-1-58989-695-6,2,1,2023-11-05
Streamlined radical concept,Jeffrey Holland,2,1995,978-1-08-853437-3,1,1,2023-11-14
Team-oriented demand-driven standardization,高橋 翼,3,1997,978-0-02-454796-5,2,1,2023-07-09
Triple-buffered value-added throughput,池田 真綾,4,1990,978-0-01-716299-1,2,1,2023-08-23
Digitized incremental system engine,斎藤 春香,4,1999,978-1-288-00535-2,1,1,2023-06-26
De-engineered mobile contingency,小林 直子,1,1984,978-1-83876-518-7,0,2,2023-10-07
Profound explicit infrastructure,渡辺 直樹,2,2009,978-0-672-19529-7,0,2,2023-09-02
Profit-focused systematic superstructure,Noah Martin,5,2007,978-0-19-114080-8,1,1,2023-09-23
Triple-buffered radical core,Nicole Porter,6,2019,978-1-958372-25-8,1,1,2023-08-18
User-friendly directional framework,吉田 千代,1,2009,978-0-491-23801-4,0,2,2023-10-29
Intuitive client-driven firmware,Brian Todd,7,1988,978-1-5474-4623-0,1,1,2023-09-24
Synergized high-level implementation,Dean Newman,4,2020,978-0-491-36565-9,0,2,2023-09-05
Team-oriented discrete intranet,青木 太郎,8,2020,978-1-896228-84-6,0,2,2023-11-03
Cross-group 5thgeneration circuit,Amy Riley,8,2013,978-1-76566-935-0,1,1,2023-09-15
Extended web-enabled knowledgebase,Susan Novak,4,2006,978-0-352-19738-2,2,1,2023-05-31
Distributed well-modulated process improvement,山田 結衣,6,2012,978-0-375-54545-0,2,1,2023-10-31
Programmable motivating productivity,木村 裕樹,1,2013,978-0-407-28912-3,0,2,2023-10-05
Robust content-based software,橋本 直樹,1,2001,978-0-430-01548-5,1,1,2023-10-22
Customizable 3rdgeneration process improvement,清水 陽子,7,2020,978-0-9627979-9-6,0,2,2023-07-23
Optional 24/7 website,Frank Chapman,1,2015,978-0-504-42975-0,1,1,2023-09-04
Profound bifurcated contingency,Maria Myers,7,2010,978-1-64140-915-5,2,1,2023-09-09
Polarized upward-trending knowledgebase,田中 陽子,1,1988,978-0-909640-88-0,1,1,2023-09-27
Monitored asymmetric workforce,Kathleen Fuentes,2,2005,978-1-84492-347-2,2,1,2023-11-18
Innovative bifurcated ability,Laura Santos,3,2017,978-1-121-84032-4,2,1,2023-10-14
Open-source 4thgeneration throughput,Anna Jones,2,2001,978-0-378-61430-6,2,1,2023-05-18
Proactive empowering artificial intelligence,Brandon Velasquez,8,1990,978-1-04-933562-9,1,1,2023-05-20
Optional context-sensitive protocol,Timothy Howell,5,2020,978-1-57236-208-6,2,1,2023-07-18
Phased bifurcated website,中村 亮介,4,1982,978-1-232-07474-8,1,1,2023-11-09
Synchronized neutral database,Anna Davis,1,2000,978-0-7254-7324-2,1,1,2023-05-24
Stand-alone neutral access,岡本 英樹,7,2009,978-0-602-87652-4,2,1,2023-10-06
Down-sized intermediate process improvement,Ms. Jessica Martin,2,1989,978-0-469-05470-7,0,2,2023-05-25
Fundamental disintermediate contingency,Patricia Hunter,8,2003,978-0-237-57770-4,2,1,2023-07-08
De-engineered transitional capacity,高橋 治,4,1986,978-1-77459-169-7,0,2,2023-09-17
Stand-alone non-volatile Internet solution,Wayne Cain,8,2020,978-0-06-283732-5,1,1,2023-11-21
Virtual impactful secured line,小林 康弘,7,1996,978-0-7127-4016-6,1,1,2023-06-27
Multi-lateral 24/7 intranet,高橋 裕樹,2,2008,978-0-7608-1217-4,1,1,2023-08-31
Polarized cohesive emulation,高橋 涼平,4,1995,978-0-7575-8444-2,1,1,2023-09-25
Right-sized static secured line,坂本 京助,6,2022,978-0-615-68553-3,1,1,2023-07-02
Business-focused static standardization,高橋 陽子,1,1994,978-0-642-03267-6,2,1,2023-11-11
Automated clear-thinking synergy,Hunter Mcclure,3,2013,978-0-04-753173-6,2,1,2023-10-07
Expanded high-level hub,Jeremy Taylor,2,2009,978-1-86262-055-1,0,2,2023-07-19
Cloned global service-desk,Ann Sparks,3,1988,978-1-287-98404-7,2,1,2023-07-30
Synergized mission-critical encryption,Steven Middleton,5,2012,978-0-9899509-9-2,0,2,2023-10-14
Automated context-sensitive attitude,Jennifer Salas,7,2003,978-1-4108-8990-4,0,2,2023-07-18
Managed multi-tasking intranet,Stephanie Williams,6,1984,978-0-609-68439-9,2,1,2023-08-20
De-engineered hybrid initiative,山本 治,1,1999,978-1-73064-516-7,0,2,2023-10-22
Enhanced demand-driven parallelism,岡田 香織,3,1995,978-1-297-10847-1,0,2,2023-10-09
Organic 5thgeneration software,Colleen Golden,2,2019,978-1-260-91779-6,2,1,2023-05-24
Synchronized impactful framework,Maureen Robinson,4,2018,978-0-88508-532-3,1,1,2023-09-02
Vision-oriented systemic initiative,藤原 美加子,1,1994,978-1-215-14100-9,0,2,2023-09-10
Fundamental tangible paradigm,高橋 太郎,1,1990,978-0-7161-5927-8,2,1,2023-07-19
Intuitive foreground support,山田 翔太,7,1981,978-1-104-09677-9,1,1,2023-09-20
Extended logistical array,高橋 香織,5,1989,978-0-314-01240-1,1,1,2023-07-23
Configurable bottom-line strategy,鈴木 幹,5,1993,978-0-329-52585-9,2,1,2023-07-22
Quality-focused contextually-based groupware,Kristin Erickson,3,1994,978-1-57053-878-0,1,1,2023-09-26
Multi-lateral bottom-line firmware,加藤 浩,8,2007,978-0-642-45244-3,2,1,2023-10-17
Expanded local workforce,Kimberly Cox,5,2012,978-0-265-11916-7,2,1,2023-07-26
Centralized executive frame,中村 太一,5,2001,978-1-85675-846-8,1,1,2023-11-14
Organized 24hour customer loyalty,Jason Richardson MD,2,1985,978-1-110-75191-4,2,1,2023-10-13
Multi-lateral next generation matrix,Brian Parker,4,2004,978-1-81231-511-7,1,1,2023-05-22
Face-to-face methodical policy,Annette Vaughn,6,1984,978-1-318-51967-5,1,1,2023-07-17
User-centric national contingency,高橋 裕美子,4,2008,978-0-12-623582-1,1,1,2023-06-21
Fundamental needs-based access,池田 聡太郎,1,2023,978-1-66861-404-4,1,1,2023-06-22
Sharable uniform orchestration,長谷川 明美,6,1983,978-0-7087-9070-0,1,1,2023-11-08
Advanced multimedia definition,斎藤 拓真,4,1991,978-0-263-88125-7,1,1,2023-08-17
Enterprise-wide impactful interface,Dwayne Foster,5,2009,978-1-197-85753-0,1,1,2023-11-02
Mandatory actuating contingency,吉田 康弘,7,2012,978-0-06-921015-2,0,2,2023-10-13
Realigned human-resource alliance,Mary Vasquez,7,2013,978-0-457-21422-9,0,2,2023-10-24
Inverse mission-critical success,Patrick Arnold,2,1993,978-1-262-09256-9,2,1,2023-09-25
Customizable dedicated orchestration,Christine Martin,2,2007,978-1-204-27897-6,0,2,2023-06-14
Business-focused full-range firmware,田中 直人,3,2011,978-0-06-266665-9,2,1,2023-11-18
Grass-roots real-time throughput,James Weber,8,1990,978-0-8033-2638-5,2,1,2023-06-17
Up-sized dedicated database,小林 翔太,8,1987,978-0-249-95554-5,1,1,2023-09-28
Configurable incremental matrices,池田 知実,2,1986,978-1-64505-008-7,2,1,2023-11-19
Self-enabling holistic extranet,佐々木 千代,5,2014,978-0-618-75131-0,2,1,2023-10-28
Multi-tiered system-worthy Graphic Interface,山本 洋介,2,1992,978-0-7153-8477-0,2,1,2023-05-31
Centralized optimal moratorium,吉田 裕樹,4,1998,978-1-294-99388-9,0,2,2023-06-05
Networked needs-based superstructure,中川 里佳,5,2012,978-1-83052-283-2,2,1,2023-07-22
Focused bandwidth-monitored knowledge user,阿部 春香,7,2023,978-0-8155-3174-6,2,1,2023-06-26
Ameliorated value-added service-desk,長谷川 陽一,1,1988,978-0-478-10311-3,2,1,2023-08-14
Optional contextually-based methodology,Thomas Reyes,2,2007,978-1-02-259267-4,0,2,2023-08-13
Extended discrete intranet,John Moran,7,2022,978-1-362-54373-2,2,1,2023-06-01
Reduced responsive array,橋本 淳,2,1983,978-1-4341-7107-8,0,2,2023-10-27
Distributed coherent Graphical User Interface,山田 加奈,1,1995,978-1-116-88235-3,1,1,2023-06-06
Centralized multi-tasking firmware,Luke Simpson,8,2023,978-1-03-372832-1,2,1,2023-07-30
Customer-focused demand-driven artificial intelligence,小林 七夏,4,1985,978-1-00-969045-4,1,1,2023-10-17
Virtual object-oriented pricing structure,山下 陽子,6,1997,978-1-186-96460-7,0,2,2023-07-31
